,station_id,tile_ID,geometry,start_frequency,return_frequency,census_tract
0,SF-N23,0,POINT (-122.4155145982936 37.76374969108682),483,523,017700
1,SF-H30,1,POINT (-122.3879459085228 37.78297245382424),635,559,061508
2,OK-I4,2,POINT (-122.2717615 37.81701539999999),19,20,401400
3,OK-D3-1,3,POINT (-122.2644881 37.84036429999999),100,86,400600
4,SF-I30,4,POINT (-122.3903237474495 37.78051879624513),943,939,060701
5,SF-G6,5,POINT (-122.4878193920597 37.77967693632075),113,99,047701
6,SF-K27-2,6,POINT (-122.4036008851559 37.77270540680437),832,814,018000
7,SF-M21,7,POINT (-122.4266488899283 37.76612605167198),652,604,020300
8,SF-J29,8,POINT (-122.3953159907172 37.77663371853443),1292,1385,060703
9,SF-E20,9,POINT (-122.4325583095092 37.79062905077848),405,347,013500
10,SF-P22,10,POINT (-122.4210543304404 37.75673692175235),920,889,020801
11,OK-H9-2,11,POINT (-122.2432677044335 37.81108070443349),99,104,403800
12,SF-S22-2,12,POINT (-122.4222217819187 37.74583007424818),144,149,025300
13,SF-C28-1,13,POINT (-122.3985192401079 37.79993274040768),277,279,010500
14,SF-N20-1,14,POINT (-122.4318809282645 37.76430060487603),616,594,020300
15,SF-L29,15,POINT (-122.3929182403505 37.77239616141712),598,603,060701
16,SF-G23,16,POINT (-122.4193946834789 37.78545294979621),573,572,012202
17,OK-N6,17,POINT (-122.2739696669755 37.79519477564139),149,165,983200
18,SF-G13,18,POINT (-122.4587411092574 37.78156085289642),262,279,015401
19,SF-M22-2,19,POINT (-122.4219262698044 37.76539578231458),1014,1031,020102
20,SF-J27,20,POINT (-122.4026973377679 37.77584728136905),300,260,018000
21,SF-Q22-2,21,POINT (-122.4206670586538 37.75245814482809),575,569,020900
22,SF-T22,22,POINT (-122.4215720938317 37.74409265889008),453,490,025300
23,SJ-M10-1,23,POINT (-121.8870220124555 37.33739679418742),145,136,500901
24,SF-F29,24,POINT (-122.3939075362902 37.7903051189681),665,706,061507
25,SF-O30-2,25,POINT (-122.3875100529636 37.76041581824725),558,623,022600
26,SJ-M8-2,26,POINT (-121.8976786666667 37.33023320238095),13,15,500800
27,SF-G30-1,27,POINT (-122.3919120450718 37.78801184366031),718,699,061506
28,SF-N22-1B,28,POINT (-122.4201394364476 37.76487307953457),453,521,020102
29,SF-R19,29,POINT (-122.4337893229197 37.75057962543985),382,319,021400
30,BK-C7,30,POINT (-122.2684872150421 37.87367621459826),229,204,422400
31,SF-F23,31,POINT (-122.4205160460864 37.78864049566721),1065,1067,012001
32,OK-I8,32,POINT (-122.2564601835313 37.80889393617392),234,249,403401
33,SF-M24,33,POINT (-122.4154411047945 37.7670530349315),440,436,017700
34,BK-F9,34,POINT (-122.258801 37.86231990025706),222,167,423602
35,SJ-Q5,35,POINT (-121.8963149799649 37.31127392776448),17,14,501800
36,SF-N28,36,POINT (-122.3990271825311 37.76501583142151),1100,1123,060702
37,SF-H26,37,POINT (-122.4084204010641 37.78385526857184),1437,1537,012503
38,OK-H9-1,38,POINT (-122.2472151993865 37.81274409969324),137,189,403800
39,BK-H8,39,POINT (-122.2635653614998 37.85557366182879),86,71,423901
40,SF-J23-1,40,POINT (-122.4173780848295 37.77670958323858),2127,2095,017603
41,OK-C4,41,POINT (-122.258732 37.83880000000002),62,56,400300
42,SJ-P10,42,POINT (-121.8771201809524 37.3259562204762),37,33,501601
43,SF-Q21-1,43,POINT (-122.4257897344633 37.75502529550283),309,281,021100
44,SJ-H12,44,POINT (-121.892102226669 37.35546170428071),198,157,500100
45,SJ-H10,45,POINT (-121.902046637963 37.3509264),57,51,500200
46,SF-L21,46,POINT (-122.4269081271596 37.76927680527457),1038,1038,016900
47,SF-Z6,47,POINT (-122.4827723983194 37.72203388767507),52,67,033204
48,OK-I6,48,POINT (-122.2607785463333 37.81231409135146),116,130,403701
49,SF-Q23-3,49,POINT (-122.4199564857206 37.75211485519763),505,566,020900
50,SF-I29-2,50,POINT (-122.394925670256 37.78080655780622),322,342,061502
51,SF-N24-2,51,POINT (-122.4130322838631 37.76379844150916),586,578,022801
52,BK-E9-2,52,POINT (-122.258804395 37.86604309875),248,232,422800
53,BK-D7-2,53,POINT (-122.270556 37.86905990234605),163,178,422902
54,OK-B3,54,POINT (-122.261351 37.8444927),48,44,400400
55,SF-H19,55,POINT (-122.4356393332094 37.7820066093432),130,99,015801
56,SF-J23-2,56,POINT (-122.4190568395029 37.77479380552597),746,756,017700
57,SJ-L7-2,57,POINT (-121.9049182921768 37.33193328180272),285,303,500600
58,SF-X29,58,POINT (-122.3909739307139 37.73312347166554),25,26,023200
59,SF-O24,59,POINT (-122.4148431659091 37.76067489706681),412,446,022801
60,SJ-E9,60,POINT (-121.9118045521081 37.36404087753755),29,23,505100
61,SJ-Q4,61,POINT (-121.899996900713 37.30901739676474),31,41,501800
62,SF-F26,62,POINT (-122.4084584825066 37.78837161217485),1171,1146,012100
63,SF-Q26,63,POINT (-122.4055507546451 37.75329723329347),414,422,022903
64,SF-O25-1,64,POINT (-122.4107961572434 37.76044768894611),471,500,022801
65,SF-W29,65,POINT (-122.3899222330066 37.73629612737273),31,25,061200
66,SF-K22-2,66,POINT (-122.4223209778863 37.77167421095076),601,577,020101
67,SF-I25,67,POINT (-122.4117603641432 37.78106851005114),951,1004,017604
68,SF-B19,68,POINT (-122.4360688534664 37.80261667404326),522,680,012902
69,SF-K20,69,POINT (-122.4337503774504 37.77186966191263),970,846,016700
70,SF-G10-1,70,POINT (-122.4719528838279 37.78242938156809),126,125,040200
71,BK-C6,71,POINT (-122.2730677034013 37.87171919773244),219,222,422400
72,BK-D5,72,POINT (-122.2797202995877 37.87055532174505),103,122,423000
73,OK-A4,73,POINT (-122.2525406192 37.84943552400001),70,55,400400
74,SF-E18,74,POINT (-122.4406882092348 37.78957401807388),205,174,013401
75,SF-C28-2,75,POINT (-122.4008741893738 37.79858610295967),237,251,010500
76,SF-W14,76,POINT (-122.4511106063424 37.7317263629884),60,57,031100
77,SF-M15,77,POINT (-122.4492396629437 37.76593957687114),454,410,017102
78,SF-J26,78,POINT (-122.4063727409258 37.77772627248429),573,572,017804
79,OK-L8,79,POINT (-122.2629972825 37.79767281166666),62,58,403302
80,SF-L24,80,POINT (-122.4154636284547 37.77028787637445),678,668,017700
81,SF-N27,81,POINT (-122.4025760897951 37.76443302023737),808,835,022704
82,SF-O18,82,POINT (-122.436743076893 37.75929088837449),432,378,020500
83,SF-K29-1,83,POINT (-122.3931368376048 37.77595664770718),1432,1432,060703
84,OK-F5,84,POINT (-122.2567156020779 37.82775729844154),204,181,401200
85,SJ-M7-1,85,POINT (-121.9017565695035 37.329756264539),110,125,500300
86,BK-F10,86,POINT (-122.253568709507 37.86180370950704),170,114,423601
87,SJ-N9,87,POINT (-121.8889629708029 37.33071775182481),67,70,500800
88,OK-L4,88,POINT (-122.2760401965217 37.80616280347824),61,54,402600
89,SJ-M11-2,89,POINT (-121.883245312287 37.33713863805288),298,338,500901
90,SJ-J8,90,POINT (-121.9032196017778 37.34131307688889),75,75,500300
91,SJ-K6,91,POINT (-121.9086355641781 37.3336916572543),174,158,500600
92,SF-F15,92,POINT (-122.4533879854925 37.78665735092051),186,165,013300
93,SF-P21,93,POINT (-122.426045854409 37.75825263756345),533,443,020601
94,SF-J16,94,POINT (-122.4466062836706 37.77482486954207),536,403,016500
95,EM-D3,95,POINT (-122.2856333 37.83127520000001),59,67,425104
96,OK-J6-2,96,POINT (-122.2644960874291 37.80781318093971),141,153,402900
97,SF-F28-2,97,POINT (-122.4011201850396 37.78970090368497),1217,1352,011700
98,SF-H27-1,98,POINT (-122.4008803559382 37.78487313877868),452,490,061501
99,SF-E27,99,POINT (-122.4028645701827 37.7941247749052),478,489,061101
100,SJ-O12,100,POINT (-121.875904842029 37.33280561376811),20,26,501602
101,SF-J29-1,101,POINT (-122.3925338462554 37.77865837204948),986,1008,060703
102,SF-Q22-1,102,POINT (-122.4210171636649 37.75523007568177),856,843,021000
103,OK-N1,103,POINT (-122.2946168645406 37.8051895),186,201,402200
104,SF-N22-2,104,POINT (-122.4220228770593 37.76333862862629),1334,1357,020201
105,SF-K28,105,POINT (-122.397501158264 37.77522980759105),411,359,060703
106,EM-A1,106,POINT (-122.291360397351 37.84094519867551),69,82,425103
107,SF-N26,107,POINT (-122.4074211978218 37.76342353201677),389,285,022802
108,SJ-E10,108,POINT (-121.9091485574824 37.36195725545701),25,22,505100
109,SF-I28,109,POINT (-122.4000016404805 37.78119056742218),548,555,017801
110,SF-J22-1,110,POINT (-122.4238111734263 37.7740944662994),893,918,016802
111,EM-B2,111,POINT (-122.2886647 37.83844349999999),54,68,425103
112,SF-B28-2,112,POINT (-122.4017129012323 37.80198252963659),396,402,010500
113,SF-K15-,113,POINT (-122.4536659571968 37.77195420816898),1156,1227,980300
114,OK-L1,114,POINT (-122.2914152979866 37.81074319865772),68,81,410500
115,SF-J18,115,POINT (-122.4376781204167 37.7759524317683),840,800,016400
116,SF-K17-2,116,POINT (-122.4423365482499 37.77054089598587),531,507,016700
117,SF-A26,117,POINT (-122.409200945234 37.80717420260772),307,411,010101
118,SF-O12,118,POINT (-122.4637606097859 37.75883281551988),128,90,030101
119,SF-H18,119,POINT (-122.4395451775556 37.78238942172948),150,111,015801
120,EM-D2,120,POINT (-122.2876101926666 37.82970461466667),139,161,425104
121,SF-V31,121,POINT (-122.3836109275362 37.74162808695652),14,9,980900
122,BK-B7,122,POINT (-122.2695279121399 37.87657254910686),110,66,422400
123,BK-E7,123,POINT (-122.2674430989418 37.86584660423281),286,281,422901
124,SF-F9,124,POINT (-122.4776312141235 37.78511304087194),188,179,042602
125,BK-I6,125,POINT (-122.270582 37.849735),99,99,423901
126,SF-K24,126,POINT (-122.415981455524 37.77349720440302),629,605,017603
127,SJ-H9,127,POINT (-121.9057066881721 37.3525762795699),15,16,500200
128,SJ-N10-1,128,POINT (-121.8838650884995 37.33281208221924),106,111,500901
129,SF-M13,129,POINT (-122.45749396026 37.76586094734824),549,527,030101
130,SF-M30,130,POINT (-122.3908939646735 37.76709148699927),1166,1228,060701
131,OK-L6-2,131,POINT (-122.2691463679075 37.80268840204066),57,54,403000
132,OK-H5,132,POINT (-122.2619283967742 37.8193813967742),187,185,401300
133,SF-N25,133,POINT (-122.4103645359462 37.76454317237167),532,546,017700
134,SJ-M10-4,134,POINT (-121.8893113448464 37.33615949433278),98,106,500901
135,SF-E28-2,135,POINT (-122.3988657175516 37.79318117256637),55,58,011700
136,SF-B21,136,POINT (-122.4257990088073 37.80028839508343),306,287,012901
137,SF-I24,137,POINT (-122.4159420428434 37.77876446701968),777,781,012405
138,SF-K17,138,POINT (-122.442576783847 37.77361247111872),671,497,016500
139,OK-L7-2,139,POINT (-122.2626418071942 37.80131890359713),212,205,403401
140,SF-X14,140,POINT (-122.4505023295311 37.72830544336128),10,8,031100
141,SF-A22,141,POINT (-122.4230894610279 37.80541963906567),978,1159,010202
142,SJ-J9,142,POINT (-121.8969378558052 37.34491099887641),48,41,500200
143,OK-F4,143,POINT (-122.2663146299547 37.82840997336191),429,459,401100
144,SJ-L9-2,144,POINT (-121.8956842168288 37.33865372090806),133,139,500800
145,SF-H26-2,145,POINT (-122.4073587310537 37.78234661468378),343,372,017602
146,SJ-M9-2,146,POINT (-121.8949077028113 37.33399568273091),81,85,500800
147,SJ-Q9,147,POINT (-121.8831724 37.31844979999999),10,5,501700
148,SJ-J6,148,POINT (-121.9091489911079 37.33677476275722),24,40,500300
149,SJ-O4,149,POINT (-121.9099409276879 37.31674616886536),50,38,501902
150,SJ-K5,150,POINT (-121.9124731790342 37.33224397420495),146,137,500600
151,SJ-M4,151,POINT (-121.9134730640923 37.32334893824681),41,31,501901
152,SJ-M6-2,152,POINT (-121.9049583882118 37.32628932224395),18,17,500300
153,OK-M14,153,POINT (-122.2329915 37.781123),9,7,406100
154,OK-L9,154,POINT (-122.255547 37.79591299999998),58,45,406000
155,OK-J4,155,POINT (-122.2748440504074 37.81498823042416),39,38,401600
156,OK-I3,156,POINT (-122.2756976040001 37.817826901),54,46,401600
157,SJ-C9,157,POINT (-121.9186757475773 37.36791434917782),38,39,505100
158,OK-B1,158,POINT (-122.2655689723675 37.84959496860999),56,60,400500
159,BK-A3,159,POINT (-122.2525232905883 37.85137551568628),148,107,423800
160,OK-K5-1,160,POINT (-122.2699271 37.8087021),198,198,402801
161,SJ-L11,161,POINT (-121.8843980098807 37.34319187739641),35,26,501000
162,OK-D3-2,162,POINT (-122.267656 37.83736900000001),18,16,401000
163,SF-P30,163,POINT (-122.3919070118352 37.75773019117263),724,680,022600
164,SF-E23,164,POINT (-122.4216477112289 37.79410219870789),811,798,011001
165,SF-L26,165,POINT (-122.4070738759401 37.76925106207249),975,984,017700
166,BK-H10,166,POINT (-122.2532529006712 37.85847319865771),148,150,423601
167,OK-D4,167,POINT (-122.262654 37.83575),211,239,401100
168,OK-J6-1,168,POINT (-122.2651925067567 37.8113768027027),180,190,402900
169,SF-B25,169,POINT (-122.4132540191519 37.80274257256388),529,658,010401
170,SF-Z16,170,POINT (-122.4438057753053 37.72239470393754),7,7,026100
171,OK-H2,171,POINT (-122.2811926068965 37.82384739310345),87,87,401500
172,OK-G3,172,POINT (-122.2717970609665 37.82669558640968),75,90,401000
173,OK-E3,173,POINT (-122.2674183 37.83355769999998),32,31,401000
174,SF-I19,174,POINT (-122.4368749700925 37.7790700406053),439,354,015801
175,BK-C9,175,POINT (-122.2601553990431 37.87532070071769),236,182,422500
176,SF-L27-2,176,POINT (-122.4009151365392 37.77127035032075),234,244,060702
177,BK-F8,177,POINT (-122.2647910995984 37.86246439839358),253,245,423602
178,EM-B1,178,POINT (-122.2935283184052 37.84052116694967),121,127,425102
179,SF-I21,179,POINT (-122.4264615924242 37.77831930162184),391,390,016200
180,SF-X19,180,POINT (-122.4328882939774 37.73017189763583),30,35,025502
181,SJ-J12-1,181,POINT (-121.8876529141947 37.34946195417621),19,13,501101
182,SJ-M11-1,182,POINT (-121.8840834778443 37.33912413093812),77,90,500901
183,SF-BB17,183,POINT (-122.4401069965035 37.7161853494959),8,13,026301
184,OK-L11,184,POINT (-122.2487796125 37.792714290625),14,18,405402
185,SJ-N14,185,POINT (-121.863665672093 37.33989734341085),19,24,501502
186,OK-A2,186,POINT (-122.2601723670959 37.85022187449679),84,81,400400
187,BK-D4,187,POINT (-122.2865331163289 37.86996671001059),111,132,422200
188,SF-O23,188,POINT (-122.4190177021263 37.76029139156034),474,545,020802
189,SF-C20,189,POINT (-122.4341449580533 37.79915889895359),561,617,012902
190,OK-L10,190,POINT (-122.253842 37.794396),13,13,406000
191,SF-G28-2,191,POINT (-122.3998801826825 37.7865576525184),291,298,061501
192,SF-Z28,192,POINT (-122.3945865458644 37.72561447298061),9,11,023300
193,SF-H29,193,POINT (-122.3962627389163 37.78515596707819),660,555,061503
194,EM-D4,194,POINT (-122.2782669028409 37.83127690284091),83,93,425104
195,BK-G8,195,POINT (-122.2615778464862 37.8574902119941),186,147,423601
196,SJ-L12,196,POINT (-121.8773032197783 37.3426794876211),48,46,501200
197,SF-Y14,197,POINT (-122.4524545916756 37.72598319914565),41,35,031000
198,BK-H3,198,POINT (-122.2896981199212 37.8539069628851),149,160,422000
199,SF-G30-2,199,POINT (-122.3881217409646 37.78732586410256),554,538,061506
200,OK-K3,200,POINT (-122.2801922969697 37.80982360404042),49,50,402700
201,SJ-J10,201,POINT (-121.894801265515 37.34874504388677),92,103,501101
202,SJ-G10,202,POINT (-121.9044363498688 37.35502958225289),9,2,500200
203,SF-Y30,203,POINT (-122.3865752128745 37.72939174753606),18,20,023200
204,SF-W19,204,POINT (-122.4341657990425 37.73287204897988),112,118,031100
205,OK-H3,205,POINT (-122.2757325 37.8233214),53,40,401400
206,OK-L7,206,POINT (-122.2664380068816 37.80000165491347),94,77,403301
207,SF-Y25,207,POINT (-122.4071227003469 37.72699029244811),17,15,025702
208,SF-AA15,208,POINT (-122.4472537413978 37.72282661666667),18,13,026100
209,SJ-Q11,209,POINT (-121.8742588347222 37.32358583888889),32,40,503112
210,SJ-J11,210,POINT (-121.8905356826048 37.34767635636076),19,20,501101
211,SF-U30,211,POINT (-122.3868962400897 37.74200644171534),17,22,061200
212,OK-M16,212,POINT (-122.2254 37.778058),3,6,407200
213,OK-M6,213,POINT (-122.2720799025126 37.80051609748744),96,103,403000
214,SF-C22,214,POINT (-122.4234146934841 37.7976254338017),494,442,010902
215,SF-E28,215,POINT (-122.4000500795609 37.79499803514589),581,550,010500
216,SF-I16,216,POINT (-122.4472742118772 37.77923740240924),130,92,015701
217,SF-O25-2,217,POINT (-122.4100401508465 37.75915744589916),418,468,022801
218,SF-J25,218,POINT (-122.411270243991 37.77658775420826),842,861,017603
219,BK-F7,219,POINT (-122.2693844120456 37.8601246009685),211,222,423500
220,SF-R26,220,POINT (-122.4054122245901 37.7518741923281),191,194,022903
221,SF-Z7,221,POINT (-122.4787829702492 37.72094721666667),53,54,033201
222,SF-L25,222,POINT (-122.4118000303722 37.77004425234468),655,724,017700
223,SF-S29,223,POINT (-122.3904834956931 37.7504343071156),144,131,980900
224,SF-F19,224,POINT (-122.4355022314538 37.78844022944131),394,386,015300
225,SF-L27,225,POINT (-122.4027308160677 37.77106619177083),317,323,018000
226,SF-H12,226,POINT (-122.4631531495114 37.77950039817385),214,208,045100
227,BK-D10,227,POINT (-122.2543373917355 37.86936029380165),403,323,982100
228,OK-F3,228,POINT (-122.2709500969697 37.83022319393939),57,42,401000
229,OK-C5,229,POINT (-122.2512714 37.83812690000001),48,41,400300
230,OK-L14,230,POINT (-122.2343822 37.7851915),6,3,405901
231,OK-F2-2,231,POINT (-122.272968 37.834174),90,104,401000
232,BK-A7,232,POINT (-122.2695922851562 37.88022244590679),130,104,421700
233,OK-G2,233,POINT (-122.2739367075 37.83054519500001),62,58,401000
234,SF-G20,234,POINT (-122.4317474024863 37.78536830236735),740,661,015500
235,SF-I20,235,POINT (-122.4318777357804 37.78049710225121),257,218,016101
236,SF-D29,236,POINT (-122.3946171198941 37.79639070684539),930,991,010500
237,OK-M5,237,POINT (-122.2748942930233 37.80075439069769),101,114,403100
238,SJ-M14,238,POINT (-121.870243993879 37.34599697464655),18,18,501401
239,SF-G28-1,239,POINT (-122.3986026252588 37.78651164621889),307,318,061501
240,SF-J24,240,POINT (-122.4094499583115 37.77447306390742),815,841,017803
241,SJ-J12-2,241,POINT (-121.8860098427813 37.35290743771114),31,37,501102
242,OK-H4-3,242,POINT (-122.2659713009662 37.8224676792975),73,77,401300
243,OK-B5,243,POINT (-122.2515349026087 37.84179990260871),68,47,400300
244,SF-J28-2,244,POINT (-122.3969857957146 37.77797238502048),528,520,018000
245,SF-AA28,245,POINT (-122.3923817166667 37.72261131666667),11,9,023400
246,SF-I23-1,246,POINT (-122.4184442656478 37.78139669464151),650,675,012405
247,SF-N29,247,POINT (-122.3947941071247 37.76480156939295),464,453,022702
248,SF-K22-1,248,POINT (-122.4210758032085 37.77385409434251),738,744,016802
249,SF-K25,249,POINT (-122.4117977600453 37.77361150885682),601,577,017803
250,SJ-K10,250,POINT (-121.8928579261209 37.34114313967037),72,64,501000
251,SF-M12,251,POINT (-122.4641071645917 37.76356856576042),344,318,030101
252,SJ-M5,252,POINT (-121.9123445214019 37.3260106586505),22,20,500600
253,SJ-O9,253,POINT (-121.8892349245098 37.32695453921568),15,19,501700
254,SF Depot,254,POINT (-122.3897187811712 37.75481580565248),4,4,022600
255,BK-E9-1,255,POINT (-122.2587857014955 37.86891090049851),505,498,982100
256,BK-G4,256,POINT (-122.2831267146028 37.85578331723691),79,130,423300
257,SF-I30-2,257,POINT (-122.3915927324965 37.78223511472803),591,604,061508
258,SF-D27,258,POINT (-122.4046956371119 37.79533213794225),660,725,061101
259,BK-D1,259,POINT (-122.2993708129186 37.86624899999999),165,253,422000
260,SJ-D9,260,POINT (-121.9166894561419 37.36529129984449),20,19,505100
261,SF-E29-2,261,POINT (-122.3949520606803 37.79450218473153),1400,1437,010500
262,OK-K4,262,POINT (-122.2734217 37.81135140000001),34,36,402801
263,SJ-N6,263,POINT (-121.9031346788183 37.32119045278343),47,47,501902
264,SF-S30,264,POINT (-122.3858594353834 37.7503172088639),77,65,980900
265,OK-I5,265,POINT (-122.2678864002228 37.81607311501142),183,194,401300
266,SJ-L9,266,POINT (-121.894123619226 37.33685407178527),134,133,500800
267,SF-H13,267,POINT (-122.4586389955518 37.77857950929055),141,122,015600
268,OK-N5,268,POINT (-122.279352 37.79624799999999),100,138,983200
269,SF-G18,269,POINT (-122.4393577070548 37.78438871408675),371,359,015500
270,SF-C26-1,270,POINT (-122.4059512260032 37.79792586276459),678,718,010600
271,OK-N17,271,POINT (-122.2244981965517 37.77523209827585),24,34,406100
272,SF-N20-2,272,POINT (-122.4306694463789 37.76328845314148),353,342,020300
273,SF-B22,273,POINT (-122.4244020516373 37.80232307221648),508,459,010202
274,SF-I23-2,274,POINT (-122.4181637612839 37.77882907044831),543,550,012405
275,OK-L19,275,POINT (-122.2123982012271 37.77415256430236),5,4,407400
276,OK-G5,276,POINT (-122.2604365562459 37.82489254045501),86,93,401200
277,SF-G29-3,277,POINT (-122.3957634117323 37.78802304820731),514,425,061503
278,SF-L30-1,278,POINT (-122.3912547694535 37.77033986719259),1331,1426,060701
279,EM-C2,279,POINT (-122.2871801 37.8361823),28,39,425103
280,SF-C21,280,POINT (-122.4275348266177 37.79723295619902),308,305,013001
281,SF I29-1,281,POINT (-122.3934136645804 37.78327081680731),372,339,061504
282,SF-E29-3,282,POINT (-122.3972679215283 37.79216637927608),682,727,061501
283,SJ-P8,283,POINT (-121.8879985574074 37.32307444074074),30,24,501700
284,SF-H25,284,POINT (-122.4119103141667 37.78407099294872),250,270,012502
285,OK-K7,285,POINT (-122.2624093271581 37.80403678550289),158,134,403401
286,SF-M20,286,POINT (-122.431066720425 37.76627994522261),1148,1158,016900
287,SJ-N11,287,POINT (-121.8773921915942 37.33395673507246),273,302,500902
288,SF-Q21-2,288,POINT (-122.4265505594099 37.75181498514088),369,258,021100
289,SF-G10-2,289,POINT (-122.4727019321674 37.78040373285322),131,112,047600
290,SF-G8,290,POINT (-122.4803978902412 37.77991056419956),162,142,047701
291,SF-N22-1A,291,POINT (-122.4199278963163 37.76474010022461),185,186,020102
292,SF-I27,292,POINT (-122.4026861162416 37.78080780332303),664,630,017801
293,BK-C8,293,POINT (-122.2664467055727 37.87235550928793),181,142,422400
294,SJ-L13,294,POINT (-121.8744314506856 37.34401521392452),33,29,501200
295,SF-U21,295,POINT (-122.4254259048648 37.73983404045521),135,121,021800
296,SF-W8,296,POINT (-122.4762152030303 37.73109009004329),36,41,033201
297,SJ-I10,297,POINT (-121.8958541987087 37.35089910279321),14,15,501101
298,SF-I22,298,POINT (-122.4218328696517 37.78078758776949),210,192,016000
299,SF-J12,299,POINT (-122.4649548879252 37.77512175415894),536,542,045202
300,SJ-N14-2,300,POINT (-121.8665815923883 37.33858402767569),33,30,501502
301,SJ-Q8,301,POINT (-121.8849748968254 37.31728193174603),8,13,503113
302,SF-Q30,302,POINT (-122.3887231111852 37.75541692789531),640,654,022600
303,SF-G25,303,POINT (-122.413322147222 37.78729567347619),615,603,012302
304,SF-G26,304,POINT (-122.4088573747928 37.78582450717118),437,488,012301
305,OK-K2,305,POINT (-122.2851711969697 37.81233150757576),58,74,402400
306,SJ-Q10,306,POINT (-121.8762995921398 37.32090028919374),27,31,503112
307,BK-H9,307,POINT (-122.2597949011236 37.85595580224719),153,114,423902
308,SF-G7,308,POINT (-122.4826770599583 37.78198005591666),207,193,042601
309,SF-F28-1,309,POINT (-122.3991066238581 37.79126638688145),610,616,011700
310,SF-J5,310,POINT (-122.4940743455128 37.7756857075641),129,131,047801
311,SF-J17,311,POINT (-122.4419364691473 37.77738538689922),597,478,015702
312,SF-K19,312,POINT (-122.4358216917856 37.77236690639407),995,827,016700
313,SF-G9,313,POINT (-122.4761577906704 37.78077167870383),133,135,042602
314,SF-F27,314,POINT (-122.4034848951375 37.78889453325966),983,1053,011700
315,SF-C25,315,POINT (-122.4108677628039 37.80042308662622),766,818,010702
316,SF-S24,316,POINT (-122.4113927438366 37.74734869526435),573,606,025200
317,SF-J19,317,POINT (-122.4332492680509 37.77766804187172),705,606,016101
318,SF-R24,318,POINT (-122.4120827480106 37.75097855274074),755,820,022901
319,SF-P26,319,POINT (-122.4059908712062 37.75682351576532),520,497,022802
320,SF-G5,320,POINT (-122.4928629749084 37.78173696231685),177,187,042700
321,SJ-I14,321,POINT (-121.8787992756869 37.36003251615083),8,11,500100
322,SF-M11,322,POINT (-122.4673390548761 37.7642470896608),496,526,030202
323,SF-O22,323,POINT (-122.4213919217677 37.75920948521645),1123,1187,020701
324,SF-M26-2,324,POINT (-122.4041725403118 37.76858144090773),532,588,060702
325,SF-J20,325,POINT (-122.4295625498163 37.77713495518825),377,349,016300
326,SF-T20,326,POINT (-122.4268284384812 37.74373540045507),306,280,021500
327,SF-H28,327,POINT (-122.3988010632265 37.78390542050769),706,791,061503
328,BK-G7,328,POINT (-122.2675582960955 37.85756719739697),226,235,423500
329,OK-C3,329,POINT (-122.2618225115607 37.84018580462427),96,77,400300
330,OK-L5,330,POINT (-122.2717380508758 37.80456234481569),178,208,402802
331,OK-B4,331,POINT (-122.2519004303658 37.84427875632806),232,189,400300
332,OK-B2,332,POINT (-122.2653042949152 37.84651560677967),56,62,400500
333,SJ-O10,333,POINT (-121.8846059723757 37.32755482044199),87,94,501700
334,OK-K6,334,POINT (-122.2665882071869 37.80696976534207),54,55,402900
335,SJ-M10-2,335,POINT (-121.8856448819163 37.33589113112911),349,392,500901
336,SF-A27,336,POINT (-122.4032856585967 37.80475672528963),621,645,010500
337,SJ-L10,337,POINT (-121.8899288412073 37.33928579133858),64,63,501000
338,SF-P24,338,POINT (-122.4125679678012 37.75887916369592),693,732,022801
339,SF-J21,339,POINT (-122.4262014365172 37.77628266661814),827,890,016200
340,SF-L20,340,POINT (-122.4291220408948 37.76982050807169),665,609,016801
341,SF-A20,341,POINT (-122.4335722525321 37.80440065263934),591,653,012602
342,SF-H17,342,POINT (-122.4420413787037 37.78245903045267),86,76,015801
343,SF-K21,343,POINT (-122.4271968230804 37.77345258591131),700,519,016802
344,SF-G27,344,POINT (-122.4052450116741 37.78617136601888),1712,1890,061501
345,OK-M7,345,POINT (-122.2653199029251 37.79731951462523),298,249,403301
346,SF-G24,346,POINT (-122.4166804966493 37.7870764217354),842,656,012203
347,SF-O30,347,POINT (-122.3907736745467 37.76165451533696),1115,1091,022600
348,OK-D5,348,POINT (-122.2516207313433 37.83578826865671),79,55,404200
349,SF-H20,349,POINT (-122.4311029464309 37.78338016836204),333,321,015900
350,SF-K23,350,POINT (-122.4198861858934 37.77221696995821),160,159,020101
351,SF-E29-1,351,POINT (-122.3942475821943 37.79534032186948),1062,1206,010500
352,SF-W19-2,352,POINT (-122.4300416598173 37.73512319292237),78,68,021800
353,SF-R20,353,POINT (-122.4275437578859 37.75093059060403),157,141,021400
354,SF-T21,354,POINT (-122.4230226996146 37.74234609527938),187,159,025300
355,SF-J29-3,355,POINT (-122.3944748013889 37.77633848055555),627,633,060703
356,SF-A25,356,POINT (-122.4115104159062 37.80691674001713),678,878,010101
357,SF-S21,357,POINT (-122.4250347964187 37.74783230739209),214,149,021400
358,SF-F30-1,358,POINT (-122.3910769006126 37.79139827610694),580,617,061507
359,SF-F30-2,359,POINT (-122.3905008166802 37.78957915840188),419,432,061505
360,SJ-P7,360,POINT (-121.8930003395858 37.31978151077977),22,12,501800
361,EM-A2,361,POINT (-122.2880450989208 37.84192380215828),130,148,425103
362,SF-G12,362,POINT (-122.4654382078189 37.78235317564832),266,288,040200
363,OK-K9,363,POINT (-122.2538101635387 37.80021357673739),233,299,405302
364,SF-G17,364,POINT (-122.4427543107068 37.78398270944093),169,147,015500
365,SJ-P10-2,365,POINT (-121.8807531994047 37.32442035119048),39,17,501601
366,SJ-H11,366,POINT (-121.8958455137178 37.3566738850626),72,55,500100
367,SF-J13,367,POINT (-122.4581157076175 37.77531144446245),326,291,015600
368,SF-G29-2,368,POINT (-122.3945512899719 37.78720091677414),1006,1010,061503
369,SF-H0,369,POINT (-122.5111503775093 37.77526516400248),228,310,047904
370,SJ-I5,370,POINT (-121.9194397213925 37.33803130251609),40,38,500400
371,BK-D7-1,371,POINT (-122.268422 37.870139),320,282,422902
372,SJ-F10,372,POINT (-121.9068661789565 37.36088402980246),31,26,505100
373,SF-J14,373,POINT (-122.4545353656023 37.77760465037642),72,66,015701
374,SF-J1,374,POINT (-122.5089079028177 37.77292421197053),391,514,047904
375,SF-G11,375,POINT (-122.467620716738 37.78176922711998),134,118,040200
376,SF-M10,376,POINT (-122.4707411626794 37.76403275798418),221,217,030201
377,SF-Y29,377,POINT (-122.3929762151037 37.72927402656677),12,15,023300
378,OK-L6,378,POINT (-122.2705793200698 37.80318907681101),89,80,403000
379,OK-L13,379,POINT (-122.2474587009485 37.8004594054994),137,128,405500
380,SF-V28,380,POINT (-122.3945000660256 37.73703623942308),28,24,980900
381,SJ-K9,381,POINT (-121.8956214943566 37.34272202483069),241,202,500200
382,BK-I5,382,POINT (-122.2781753971429 37.85057770214286),61,79,424001
383,BK-C5,383,POINT (-122.283093 37.87355800000001),157,154,422200
384,BK-F2,384,POINT (-122.2912095127388 37.85886819490447),68,89,422000
385,SJ-M11-3,385,POINT (-121.8808183638498 37.33842797183099),66,76,500901
386,OK-C2,386,POINT (-122.267738 37.84262950375939),66,67,400600
387,BK-C1,387,POINT (-122.2996759439939 37.87040711048125),63,76,422000
388,SJ-N5-2,388,POINT (-121.9082230694596 37.32098706079151),59,56,501902
389,BK-E3,389,POINT (-122.2902305300752 37.86282709398497),61,72,423200
390,EM-C3,390,POINT (-122.2810506820679 37.83563220458518),30,61,425104
391,BK-H6,391,POINT (-122.2702131983098 37.85247660338028),184,171,423901
392,SJ-M6,392,POINT (-121.9046652749408 37.32911276092809),126,111,500300
393,OK-K17,393,POINT (-122.2177284 37.77993),4,3,407200
394,SJ-N12-1,394,POINT (-121.8766594614286 37.33644957761905),35,35,501300
395,SJ-R11,395,POINT (-121.8700824349119 37.32030444269012),39,39,503112
396,OK-J3,396,POINT (-122.2782444 37.8160598),74,85,401600
397,SJ-N5,397,POINT (-121.9059835413727 37.32343711907651),34,40,501901
398,SF-V30,398,POINT (-122.385623951543 37.73987549167488),24,32,061200
399,SF-V29,399,POINT (-122.3895693928974 37.73897407055545),40,43,980900
400,OK-M2,400,POINT (-122.2893702 37.8072393),22,14,410500
401,SJ-H17,401,POINT (-121.8679381447766 37.36556730340237),27,22,503709
402,SF-J3,402,POINT (-122.4984046557715 37.77546632414605),136,147,047903
403,SJ-G15,403,POINT (-121.8813286148295 37.37112065108841),22,25,504311
404,SF-Y27,404,POINT (-122.3987942333333 37.73010186666666),4,6,023300
405,SF-O21,405,POINT (-122.4264913503374 37.76142407801912),1160,1211,020601
406,BK-E8,406,POINT (-122.2658963980392 37.8677891990196),208,200,422800
407,BK-D2,407,POINT (-122.2933995812813 37.86906046554864),82,158,422100
408,EM-C1,408,POINT (-122.2913760988235 37.84678419764706),77,93,425103
409,SF-D28,409,POINT (-122.3984496229464 37.79728062968881),580,609,010500
410,SF-M26,410,POINT (-122.4073578925805 37.76711204453883),177,187,017700
411,SF-D24,411,POINT (-122.4168284356908 37.79636813632256),366,253,011002
412,SF-H14,412,POINT (-122.4562795597701 37.78091859275862),74,71,015600
413,SJ-P6,413,POINT (-121.8978107648445 37.31512925998734),14,10,501800
414,OK-K5-2,414,POINT (-122.2679507745943 37.80936861445277),245,257,402900
415,OK-L16,415,POINT (-122.2226033 37.7837569),7,7,406500
416,SJ-N7,416,POINT (-121.8997008691318 37.32415375431128),9,5,500800
417,SF-K26,417,POINT (-122.4058188932374 37.77147168007612),745,861,018000
418,SJ-N10-3,418,POINT (-121.8817311986367 37.33202844339662),72,69,500902
419,SJ-L7-1,419,POINT (-121.9000698599291 37.33271493794327),42,52,500300
420,SF-G19,420,POINT (-122.4345297713559 37.78369335354043),566,550,015801
421,SF-J22-2,421,POINT (-122.4228850405232 37.7778830344741),814,869,016200
422,OK-J5,422,POINT (-122.2687726056497 37.81267829576272),169,185,401300
423,SF-K30-2,423,POINT (-122.3900325956704 37.77201041908753),559,515,060701
424,OK-G4,424,POINT (-122.2651002 37.82628629999999),64,59,401100
425,SJ-M10-3,425,POINT (-121.8869649946236 37.33380864650537),64,60,500901
426,SF-N21,426,POINT (-122.4265563238212 37.76306050986644),630,593,020300
427,SF-L19,427,POINT (-122.4340589464933 37.76922967743721),411,372,016700
428,SF-S22-1,428,POINT (-122.4202148880111 37.74771456273388),462,500,025300
429,SF-H16,429,POINT (-122.4473213106106 37.78113744118554),253,208,015702
430,SF-G29-1,430,POINT (-122.3983577434003 37.78748134527392),669,654,061501
431,SJ-M8-1,431,POINT (-121.8932041404762 37.33142589761906),30,40,500800
432,OK-I9,432,POINT (-122.2492511930769 37.80871500000001),374,406,403702
433,SF-L28,433,POINT (-122.3983666663435 37.77183382932208),683,682,060702
434,SF-E22,434,POINT (-122.4233805814697 37.79300308583495),325,171,013101
435,SF-H15,435,POINT (-122.45015905918 37.78072850080214),97,90,015701
436,SF-F16,436,POINT (-122.4499707789216 37.78661995925926),153,153,015402
437,BK-E10,437,POINT (-122.2537994307388 37.86641794155314),110,60,422700
438,OK-E4,438,POINT (-122.2634900986425 37.83327860542985),107,114,401100
439,OK-L12,439,POINT (-122.2423732123439 37.79013986207063),15,14,405902
440,SJ-I9,440,POINT (-121.8997726547351 37.34755701879914),8,5,500200
441,SF-K18,441,POINT (-122.4390747099726 37.77312728911743),762,575,016400
442,SF-B28,442,POINT (-122.4020912928597 37.80463619172853),474,469,010500
443,SF-M28,443,POINT (-122.398229651817 37.76661654730576),648,682,060702
444,SF-J10,444,POINT (-122.4713621316239 37.7735278958452),358,344,045201
445,SF-O19,445,POINT (-122.4324840726685 37.76109410161108),739,730,020601
446,SJ-I11,446,POINT (-121.8920338682528 37.35283585943253),82,83,501101
447,SF-X30,447,POINT (-122.3900413101639 37.73178010514955),13,12,023200
448,SF-L31-1,448,POINT (-122.3867172663946 37.77175845101559),449,470,060701
449,EM-B0-2,449,POINT (-122.2987177439923 37.83954307620738),34,30,425101
450,SJ-P9,450,POINT (-121.8810904026031 37.32212462544859),9,12,501700
451,SJ-K11,451,POINT (-121.8888887390071 37.34299246643027),73,68,501000
452,OK-M4,452,POINT (-122.282497 37.80368649999998),23,23,402600
453,SF-V32,453,POINT (-122.3766881248233 37.74029757879321),51,49,023103
454,SF-I26-,454,POINT (-122.4067102901823 37.78024076046874),319,321,017602
455,SF-K28-3,455,POINT (-122.4000238054364 37.7732321416309),126,107,018000
456,OK-D2,456,POINT (-122.2717561 37.83964879999998),84,86,400700
457,OK-E5,457,POINT (-122.2562241531735 37.83329352915628),73,65,401200
458,SF-A19,458,POINT (-122.4373019439293 37.80534821248956),551,646,012602
459,SF-J26-2,459,POINT (-122.4080040710365 37.77658129429388),713,709,017804
460,SF-L22,460,POINT (-122.4222485601371 37.76900193730204),883,906,020101
461,SF-M22-1,461,POINT (-122.4203662890845 37.76824676007434),440,412,020101
462,SF-J15,462,POINT (-122.4531565216654 37.77616657708602),209,163,015701
463,San Jose Depot,463,POINT (-121.9149155 37.34341836666668),0,5,500300
