,station_id,tile_ID,geometry,start_frequency,return_frequency,x,y,pair
0,SF-N23,0,POINT (-122.4155145982936 37.76374969108682),483,523,-122.41551459829364,37.763749691086815,"(-122.41551459829364, 37.763749691086815)"
1,SF-H30,1,POINT (-122.3879459085228 37.78297245382424),635,559,-122.38794590852278,37.782972453824236,"(-122.38794590852278, 37.782972453824236)"
2,OK-I4,2,POINT (-122.2717615 37.8170154),19,20,-122.27176150000003,37.817015399999995,"(-122.27176150000003, 37.817015399999995)"
3,OK-D3-1,3,POINT (-122.2644881 37.84036429999999),100,86,-122.26448810000002,37.84036429999999,"(-122.26448810000002, 37.84036429999999)"
4,SF-I30,4,POINT (-122.3903237474495 37.78051879624513),943,939,-122.39032374744953,37.78051879624513,"(-122.39032374744953, 37.78051879624513)"
5,SF-G6,5,POINT (-122.4878193920597 37.77967693632075),113,99,-122.48781939205973,37.779676936320755,"(-122.48781939205973, 37.779676936320755)"
6,SF-K27-2,6,POINT (-122.4036008851559 37.77270540680438),832,814,-122.40360088515594,37.77270540680438,"(-122.40360088515594, 37.77270540680438)"
7,SF-M21,7,POINT (-122.4266488899283 37.76612605167198),652,604,-122.42664888992834,37.766126051671975,"(-122.42664888992834, 37.766126051671975)"
8,SF-J29,8,POINT (-122.3953159907172 37.77663371853443),1292,1385,-122.39531599071722,37.77663371853443,"(-122.39531599071722, 37.77663371853443)"
9,SF-E20,9,POINT (-122.4325583095092 37.79062905077848),405,347,-122.43255830950918,37.79062905077848,"(-122.43255830950918, 37.79062905077848)"
10,SF-P22,10,POINT (-122.4210543304404 37.75673692175235),920,889,-122.4210543304404,37.75673692175235,"(-122.4210543304404, 37.75673692175235)"
11,OK-H9-2,11,POINT (-122.2432677044335 37.81108070443349),99,104,-122.24326770443346,37.811080704433486,"(-122.24326770443346, 37.811080704433486)"
12,SF-S22-2,12,POINT (-122.4222217819187 37.74583007424818),144,149,-122.42222178191874,37.745830074248175,"(-122.42222178191874, 37.745830074248175)"
13,SF-C28-1,13,POINT (-122.3985192401079 37.79993274040768),277,279,-122.39851924010794,37.79993274040768,"(-122.39851924010794, 37.79993274040768)"
14,SF-N20-1,14,POINT (-122.4318809282645 37.76430060487603),616,594,-122.43188092826446,37.764300604876034,"(-122.43188092826446, 37.764300604876034)"
15,SF-L29,15,POINT (-122.3929182403505 37.77239616141712),598,603,-122.39291824035054,37.77239616141712,"(-122.39291824035054, 37.77239616141712)"
16,SF-G23,16,POINT (-122.4193946834789 37.78545294979622),573,572,-122.41939468347888,37.785452949796216,"(-122.41939468347888, 37.785452949796216)"
17,OK-N6,17,POINT (-122.2739696669755 37.79519477564139),149,165,-122.27396966697547,37.79519477564139,"(-122.27396966697547, 37.79519477564139)"
18,SF-G13,18,POINT (-122.4587411092574 37.78156085289642),262,279,-122.45874110925745,37.78156085289642,"(-122.45874110925745, 37.78156085289642)"
19,SF-M22-2,19,POINT (-122.4219262698044 37.76539578231458),1014,1031,-122.42192626980442,37.765395782314584,"(-122.42192626980442, 37.765395782314584)"
20,SF-J27,20,POINT (-122.4026973377679 37.77584728136905),300,260,-122.40269733776789,37.775847281369046,"(-122.40269733776789, 37.775847281369046)"
21,SF-Q22-2,21,POINT (-122.4206670586539 37.75245814482809),575,569,-122.42066705865386,37.75245814482809,"(-122.42066705865386, 37.75245814482809)"
22,SF-T22,22,POINT (-122.4215720938317 37.74409265889007),453,490,-122.42157209383174,37.74409265889007,"(-122.42157209383174, 37.74409265889007)"
23,SJ-M10-1,23,POINT (-121.8870220124555 37.33739679418742),145,136,-121.8870220124555,37.33739679418742,"(-121.8870220124555, 37.33739679418742)"
24,SF-F29,24,POINT (-122.3939075362902 37.7903051189681),665,706,-122.39390753629017,37.7903051189681,"(-122.39390753629017, 37.7903051189681)"
25,SF-O30-2,25,POINT (-122.3875100529636 37.76041581824725),558,623,-122.38751005296358,37.760415818247246,"(-122.38751005296358, 37.760415818247246)"
26,SJ-M8-2,26,POINT (-121.8976786666667 37.33023320238095),13,15,-121.89767866666668,37.33023320238095,"(-121.89767866666668, 37.33023320238095)"
27,SF-G30-1,27,POINT (-122.3919120450718 37.78801184366031),718,699,-122.39191204507176,37.788011843660314,"(-122.39191204507176, 37.788011843660314)"
28,SF-N22-1B,28,POINT (-122.4201394364477 37.76487307953457),453,521,-122.42013943644766,37.764873079534574,"(-122.42013943644766, 37.764873079534574)"
29,SF-R19,29,POINT (-122.4337893229197 37.75057962543985),382,319,-122.43378932291965,37.75057962543985,"(-122.43378932291965, 37.75057962543985)"
30,BK-C7,30,POINT (-122.2684872150421 37.87367621459826),229,204,-122.26848721504211,37.87367621459826,"(-122.26848721504211, 37.87367621459826)"
31,SF-F23,31,POINT (-122.4205160460864 37.78864049566721),1065,1067,-122.42051604608638,37.78864049566721,"(-122.42051604608638, 37.78864049566721)"
32,OK-I8,32,POINT (-122.2564601835313 37.80889393617392),234,249,-122.25646018353132,37.80889393617392,"(-122.25646018353132, 37.80889393617392)"
33,SF-M24,33,POINT (-122.4154411047945 37.7670530349315),440,436,-122.4154411047945,37.7670530349315,"(-122.4154411047945, 37.7670530349315)"
34,BK-F9,34,POINT (-122.258801 37.86231990025706),222,167,-122.25880099999996,37.86231990025706,"(-122.25880099999996, 37.86231990025706)"
35,SJ-Q5,35,POINT (-121.8963149799649 37.31127392776449),17,14,-121.89631497996487,37.31127392776449,"(-121.89631497996487, 37.31127392776449)"
36,SF-N28,36,POINT (-122.3990271825311 37.7650158314215),1100,1123,-122.3990271825311,37.7650158314215,"(-122.3990271825311, 37.7650158314215)"
37,SF-H26,37,POINT (-122.4084204010641 37.78385526857184),1437,1537,-122.40842040106406,37.78385526857184,"(-122.40842040106406, 37.78385526857184)"
38,OK-H9-1,38,POINT (-122.2472151993865 37.81274409969326),137,189,-122.24721519938647,37.81274409969326,"(-122.24721519938647, 37.81274409969326)"
39,BK-H8,39,POINT (-122.2635653614998 37.85557366182879),86,71,-122.26356536149981,37.855573661828785,"(-122.26356536149981, 37.855573661828785)"
40,SF-J23-1,40,POINT (-122.4173780848295 37.77670958323858),2127,2095,-122.41737808482947,37.776709583238585,"(-122.41737808482947, 37.776709583238585)"
41,OK-C4,41,POINT (-122.258732 37.83880000000002),62,56,-122.25873200000001,37.83880000000002,"(-122.25873200000001, 37.83880000000002)"
42,SJ-P10,42,POINT (-121.8771201809524 37.3259562204762),37,33,-121.87712018095236,37.3259562204762,"(-121.87712018095236, 37.3259562204762)"
43,SF-Q21-1,43,POINT (-122.4257897344633 37.75502529550282),309,281,-122.4257897344633,37.75502529550282,"(-122.4257897344633, 37.75502529550282)"
44,SJ-H12,44,POINT (-121.892102226669 37.35546170428071),198,157,-121.89210222666898,37.35546170428071,"(-121.89210222666898, 37.35546170428071)"
45,SJ-H10,45,POINT (-121.902046637963 37.3509264),57,51,-121.90204663796301,37.3509264,"(-121.90204663796301, 37.3509264)"
46,SF-L21,46,POINT (-122.4269081271596 37.76927680527457),1038,1038,-122.42690812715959,37.76927680527457,"(-122.42690812715959, 37.76927680527457)"
47,SF-Z6,47,POINT (-122.4827723983194 37.72203388767508),52,67,-122.48277239831937,37.72203388767508,"(-122.48277239831937, 37.72203388767508)"
48,OK-I6,48,POINT (-122.2607785463333 37.81231409135146),116,130,-122.26077854633331,37.81231409135146,"(-122.26077854633331, 37.81231409135146)"
49,SF-Q23-3,49,POINT (-122.4199564857206 37.75211485519763),505,566,-122.41995648572056,37.75211485519763,"(-122.41995648572056, 37.75211485519763)"
50,SF-I29-2,50,POINT (-122.394925670256 37.78080655780622),322,342,-122.39492567025603,37.78080655780622,"(-122.39492567025603, 37.78080655780622)"
51,SF-N24-2,51,POINT (-122.4130322838631 37.76379844150916),586,578,-122.4130322838631,37.76379844150916,"(-122.4130322838631, 37.76379844150916)"
52,BK-E9-2,52,POINT (-122.258804395 37.86604309875),248,232,-122.25880439499997,37.86604309875,"(-122.25880439499997, 37.86604309875)"
53,BK-D7-2,53,POINT (-122.270556 37.86905990234605),163,178,-122.27055599999997,37.869059902346045,"(-122.27055599999997, 37.869059902346045)"
54,OK-B3,54,POINT (-122.261351 37.8444927),48,44,-122.26135099999999,37.844492699999996,"(-122.26135099999999, 37.844492699999996)"
55,SF-H19,55,POINT (-122.4356393332094 37.7820066093432),130,99,-122.43563933320935,37.7820066093432,"(-122.43563933320935, 37.7820066093432)"
56,SF-J23-2,56,POINT (-122.4190568395029 37.77479380552597),746,756,-122.41905683950287,37.77479380552597,"(-122.41905683950287, 37.77479380552597)"
57,SJ-L7-2,57,POINT (-121.9049182921768 37.33193328180272),285,303,-121.90491829217684,37.33193328180272,"(-121.90491829217684, 37.33193328180272)"
58,SF-X29,58,POINT (-122.3909739307139 37.73312347166554),25,26,-122.3909739307139,37.733123471665536,"(-122.3909739307139, 37.733123471665536)"
59,SF-O24,59,POINT (-122.4148431659091 37.76067489706681),412,446,-122.41484316590906,37.760674897066814,"(-122.41484316590906, 37.760674897066814)"
60,SJ-E9,60,POINT (-121.9118045521081 37.36404087753755),29,23,-121.91180455210807,37.364040877537555,"(-121.91180455210807, 37.364040877537555)"
61,SJ-Q4,61,POINT (-121.899996900713 37.30901739676473),31,41,-121.899996900713,37.30901739676473,"(-121.899996900713, 37.30901739676473)"
62,SF-F26,62,POINT (-122.4084584825066 37.78837161217485),1171,1146,-122.40845848250657,37.78837161217485,"(-122.40845848250657, 37.78837161217485)"
63,SF-Q26,63,POINT (-122.4055507546451 37.75329723329347),414,422,-122.40555075464515,37.753297233293466,"(-122.40555075464515, 37.753297233293466)"
64,SF-O25-1,64,POINT (-122.4107961572434 37.76044768894611),471,500,-122.41079615724338,37.76044768894611,"(-122.41079615724338, 37.76044768894611)"
65,SF-W29,65,POINT (-122.3899222330066 37.73629612737273),31,25,-122.38992223300657,37.736296127372725,"(-122.38992223300657, 37.736296127372725)"
66,SF-K22-2,66,POINT (-122.4223209778863 37.77167421095076),601,577,-122.42232097788626,37.77167421095076,"(-122.42232097788626, 37.77167421095076)"
67,SF-I25,67,POINT (-122.4117603641432 37.78106851005114),951,1004,-122.4117603641432,37.78106851005114,"(-122.4117603641432, 37.78106851005114)"
68,SF-B19,68,POINT (-122.4360688534664 37.80261667404326),522,680,-122.43606885346644,37.80261667404326,"(-122.43606885346644, 37.80261667404326)"
69,SF-K20,69,POINT (-122.4337503774504 37.77186966191263),970,846,-122.43375037745044,37.77186966191263,"(-122.43375037745044, 37.77186966191263)"
70,SF-G10-1,70,POINT (-122.4719528838279 37.78242938156809),126,125,-122.47195288382792,37.782429381568086,"(-122.47195288382792, 37.782429381568086)"
71,BK-C6,71,POINT (-122.2730677034013 37.87171919773244),219,222,-122.27306770340132,37.87171919773244,"(-122.27306770340132, 37.87171919773244)"
72,BK-D5,72,POINT (-122.2797202995877 37.87055532174505),103,122,-122.27972029958768,37.87055532174505,"(-122.27972029958768, 37.87055532174505)"
73,OK-A4,73,POINT (-122.2525406192 37.84943552400001),70,55,-122.2525406192,37.849435524000015,"(-122.2525406192, 37.849435524000015)"
74,SF-E18,74,POINT (-122.4406882092348 37.78957401807387),205,174,-122.44068820923484,37.78957401807387,"(-122.44068820923484, 37.78957401807387)"
75,SF-C28-2,75,POINT (-122.4008741893738 37.79858610295967),237,251,-122.40087418937377,37.79858610295967,"(-122.40087418937377, 37.79858610295967)"
76,SF-W14,76,POINT (-122.4511106063424 37.7317263629884),60,57,-122.45111060634241,37.731726362988404,"(-122.45111060634241, 37.731726362988404)"
77,SF-M15,77,POINT (-122.4492396629437 37.76593957687114),454,410,-122.44923966294367,37.76593957687114,"(-122.44923966294367, 37.76593957687114)"
78,SF-J26,78,POINT (-122.4063727409258 37.77772627248429),573,572,-122.4063727409258,37.777726272484294,"(-122.4063727409258, 37.777726272484294)"
79,OK-L8,79,POINT (-122.2629972825 37.79767281166666),62,58,-122.26299728250002,37.79767281166666,"(-122.26299728250002, 37.79767281166666)"
80,SF-L24,80,POINT (-122.4154636284547 37.77028787637445),678,668,-122.4154636284547,37.77028787637445,"(-122.4154636284547, 37.77028787637445)"
81,SF-N27,81,POINT (-122.4025760897951 37.76443302023737),808,835,-122.4025760897951,37.76443302023737,"(-122.4025760897951, 37.76443302023737)"
82,SF-O18,82,POINT (-122.436743076893 37.75929088837449),432,378,-122.43674307689301,37.75929088837449,"(-122.43674307689301, 37.75929088837449)"
83,SF-K29-1,83,POINT (-122.3931368376048 37.77595664770718),1432,1432,-122.39313683760476,37.775956647707176,"(-122.39313683760476, 37.775956647707176)"
84,OK-F5,84,POINT (-122.2567156020779 37.82775729844157),204,181,-122.25671560207793,37.82775729844157,"(-122.25671560207793, 37.82775729844157)"
85,SJ-M7-1,85,POINT (-121.9017565695035 37.329756264539),110,125,-121.90175656950353,37.329756264539,"(-121.90175656950353, 37.329756264539)"
86,BK-F10,86,POINT (-122.253568709507 37.86180370950704),170,114,-122.25356870950702,37.86180370950704,"(-122.25356870950702, 37.86180370950704)"
87,SJ-N9,87,POINT (-121.888962970803 37.33071775182481),67,70,-121.88896297080295,37.33071775182481,"(-121.88896297080295, 37.33071775182481)"
88,OK-L4,88,POINT (-122.2760401965217 37.80616280347825),61,54,-122.27604019652172,37.80616280347825,"(-122.27604019652172, 37.80616280347825)"
89,SJ-M11-2,89,POINT (-121.883245312287 37.33713863805288),298,338,-121.88324531228703,37.337138638052885,"(-121.88324531228703, 37.337138638052885)"
90,SJ-J8,90,POINT (-121.9032196017778 37.34131307688889),75,75,-121.90321960177776,37.341313076888895,"(-121.90321960177776, 37.341313076888895)"
91,SJ-K6,91,POINT (-121.9086355641781 37.3336916572543),174,158,-121.90863556417806,37.3336916572543,"(-121.90863556417806, 37.3336916572543)"
92,SF-F15,92,POINT (-122.4533879854925 37.78665735092051),186,165,-122.45338798549248,37.786657350920514,"(-122.45338798549248, 37.786657350920514)"
93,SF-P21,93,POINT (-122.426045854409 37.75825263756345),533,443,-122.42604585440897,37.75825263756345,"(-122.42604585440897, 37.75825263756345)"
94,SF-J16,94,POINT (-122.4466062836706 37.77482486954207),536,403,-122.44660628367058,37.774824869542066,"(-122.44660628367058, 37.774824869542066)"
95,EM-D3,95,POINT (-122.2856333 37.83127520000001),59,67,-122.28563329999999,37.831275200000015,"(-122.28563329999999, 37.831275200000015)"
96,OK-J6-2,96,POINT (-122.2644960874291 37.80781318093971),141,153,-122.26449608742912,37.80781318093971,"(-122.26449608742912, 37.80781318093971)"
97,SF-F28-2,97,POINT (-122.4011201850396 37.78970090368497),1217,1352,-122.40112018503959,37.78970090368497,"(-122.40112018503959, 37.78970090368497)"
98,SF-H27-1,98,POINT (-122.4008803559382 37.78487313877868),452,490,-122.40088035593816,37.78487313877868,"(-122.40088035593816, 37.78487313877868)"
99,SF-E27,99,POINT (-122.4028645701827 37.7941247749052),478,489,-122.4028645701827,37.7941247749052,"(-122.4028645701827, 37.7941247749052)"
100,SJ-O12,100,POINT (-121.875904842029 37.33280561376811),20,26,-121.87590484202899,37.33280561376811,"(-121.87590484202899, 37.33280561376811)"
101,SF-J29-1,101,POINT (-122.3925338462554 37.77865837204948),986,1008,-122.39253384625542,37.778658372049485,"(-122.39253384625542, 37.778658372049485)"
102,SF-Q22-1,102,POINT (-122.4210171636649 37.75523007568177),856,843,-122.4210171636649,37.75523007568177,"(-122.4210171636649, 37.75523007568177)"
103,OK-N1,103,POINT (-122.2946168645406 37.80518949999998),186,201,-122.29461686454056,37.80518949999998,"(-122.29461686454056, 37.80518949999998)"
104,SF-N22-2,104,POINT (-122.4220228770593 37.76333862862629),1334,1357,-122.42202287705932,37.763338628626286,"(-122.42202287705932, 37.763338628626286)"
105,SF-K28,105,POINT (-122.397501158264 37.77522980759106),411,359,-122.39750115826396,37.77522980759106,"(-122.39750115826396, 37.77522980759106)"
106,EM-A1,106,POINT (-122.291360397351 37.84094519867551),69,82,-122.29136039735101,37.840945198675506,"(-122.29136039735101, 37.840945198675506)"
107,SF-N26,107,POINT (-122.4074211978218 37.76342353201677),389,285,-122.40742119782185,37.76342353201677,"(-122.40742119782185, 37.76342353201677)"
108,SJ-E10,108,POINT (-121.9091485574824 37.36195725545701),25,22,-121.90914855748238,37.361957255457014,"(-121.90914855748238, 37.361957255457014)"
109,SF-I28,109,POINT (-122.4000016404805 37.78119056742218),548,555,-122.40000164048053,37.78119056742218,"(-122.40000164048053, 37.78119056742218)"
110,SF-J22-1,110,POINT (-122.4238111734263 37.7740944662994),893,918,-122.42381117342629,37.774094466299395,"(-122.42381117342629, 37.774094466299395)"
111,EM-B2,111,POINT (-122.2886647 37.83844349999999),54,68,-122.2886647,37.83844349999999,"(-122.2886647, 37.83844349999999)"
112,SF-B28-2,112,POINT (-122.4017129012323 37.80198252963659),396,402,-122.40171290123227,37.80198252963659,"(-122.40171290123227, 37.80198252963659)"
113,SF-K15-,113,POINT (-122.4536659571968 37.77195420816899),1156,1227,-122.45366595719682,37.771954208168985,"(-122.45366595719682, 37.771954208168985)"
114,OK-L1,114,POINT (-122.2914152979866 37.81074319865772),68,81,-122.29141529798657,37.81074319865772,"(-122.29141529798657, 37.81074319865772)"
115,SF-J18,115,POINT (-122.4376781204167 37.7759524317683),840,800,-122.43767812041666,37.775952431768296,"(-122.43767812041666, 37.775952431768296)"
116,SF-K17-2,116,POINT (-122.4423365482499 37.77054089598587),531,507,-122.44233654824986,37.77054089598587,"(-122.44233654824986, 37.77054089598587)"
117,SF-A26,117,POINT (-122.409200945234 37.8071742026077),307,411,-122.40920094523405,37.807174202607705,"(-122.40920094523405, 37.807174202607705)"
118,SF-O12,118,POINT (-122.4637606097859 37.75883281551988),128,90,-122.46376060978594,37.75883281551988,"(-122.46376060978594, 37.75883281551988)"
119,SF-H18,119,POINT (-122.4395451775556 37.78238942172948),150,111,-122.43954517755556,37.782389421729484,"(-122.43954517755556, 37.782389421729484)"
120,EM-D2,120,POINT (-122.2876101926666 37.82970461466667),139,161,-122.28761019266663,37.829704614666674,"(-122.28761019266663, 37.829704614666674)"
121,SF-V31,121,POINT (-122.3836109275362 37.74162808695652),14,9,-122.38361092753622,37.741628086956524,"(-122.38361092753622, 37.741628086956524)"
122,BK-B7,122,POINT (-122.2695279121399 37.87657254910685),110,66,-122.26952791213988,37.876572549106854,"(-122.26952791213988, 37.876572549106854)"
123,BK-E7,123,POINT (-122.2674430989418 37.8658466042328),286,281,-122.26744309894183,37.8658466042328,"(-122.26744309894183, 37.8658466042328)"
124,SF-F9,124,POINT (-122.4776312141235 37.78511304087194),188,179,-122.47763121412352,37.78511304087194,"(-122.47763121412352, 37.78511304087194)"
125,BK-I6,125,POINT (-122.270582 37.849735),99,99,-122.270582,37.849734999999995,"(-122.270582, 37.849734999999995)"
126,SF-K24,126,POINT (-122.415981455524 37.77349720440302),629,605,-122.41598145552403,37.77349720440302,"(-122.41598145552403, 37.77349720440302)"
127,SJ-H9,127,POINT (-121.905706688172 37.3525762795699),15,16,-121.90570668817203,37.3525762795699,"(-121.90570668817203, 37.3525762795699)"
128,SJ-N10-1,128,POINT (-121.8838650884995 37.33281208221924),106,111,-121.88386508849952,37.33281208221924,"(-121.88386508849952, 37.33281208221924)"
129,SF-M13,129,POINT (-122.45749396026 37.76586094734824),549,527,-122.45749396026001,37.765860947348244,"(-122.45749396026001, 37.765860947348244)"
130,SF-M30,130,POINT (-122.3908939646735 37.76709148699927),1166,1228,-122.39089396467347,37.76709148699927,"(-122.39089396467347, 37.76709148699927)"
131,OK-L6-2,131,POINT (-122.2691463679075 37.80268840204066),57,54,-122.26914636790752,37.80268840204066,"(-122.26914636790752, 37.80268840204066)"
132,OK-H5,132,POINT (-122.2619283967742 37.81938139677419),187,185,-122.26192839677418,37.81938139677419,"(-122.26192839677418, 37.81938139677419)"
133,SF-N25,133,POINT (-122.4103645359462 37.76454317237167),532,546,-122.41036453594619,37.764543172371674,"(-122.41036453594619, 37.764543172371674)"
134,SJ-M10-4,134,POINT (-121.8893113448464 37.33615949433278),98,106,-121.88931134484643,37.336159494332776,"(-121.88931134484643, 37.336159494332776)"
135,SF-E28-2,135,POINT (-122.3988657175516 37.79318117256637),55,58,-122.39886571755163,37.79318117256637,"(-122.39886571755163, 37.79318117256637)"
136,SF-B21,136,POINT (-122.4257990088073 37.80028839508343),306,287,-122.42579900880732,37.80028839508343,"(-122.42579900880732, 37.80028839508343)"
137,SF-I24,137,POINT (-122.4159420428434 37.77876446701968),777,781,-122.4159420428434,37.77876446701968,"(-122.4159420428434, 37.77876446701968)"
138,SF-K17,138,POINT (-122.442576783847 37.77361247111872),671,497,-122.44257678384702,37.773612471118724,"(-122.44257678384702, 37.773612471118724)"
139,OK-L7-2,139,POINT (-122.2626418071942 37.80131890359713),212,205,-122.26264180719424,37.80131890359713,"(-122.26264180719424, 37.80131890359713)"
140,SF-X14,140,POINT (-122.4505023295311 37.72830544336128),10,8,-122.45050232953106,37.72830544336128,"(-122.45050232953106, 37.72830544336128)"
141,SF-A22,141,POINT (-122.4230894610279 37.80541963906567),978,1159,-122.42308946102791,37.80541963906567,"(-122.42308946102791, 37.80541963906567)"
142,SJ-J9,142,POINT (-121.8969378558052 37.34491099887641),48,41,-121.89693785580525,37.34491099887641,"(-121.89693785580525, 37.34491099887641)"
143,OK-F4,143,POINT (-122.2663146299547 37.82840997336191),429,459,-122.26631462995466,37.82840997336191,"(-122.26631462995466, 37.82840997336191)"
144,SJ-L9-2,144,POINT (-121.8956842168288 37.33865372090806),133,139,-121.8956842168288,37.338653720908056,"(-121.8956842168288, 37.338653720908056)"
145,SF-H26-2,145,POINT (-122.4073587310537 37.78234661468377),343,372,-122.40735873105375,37.782346614683775,"(-122.40735873105375, 37.782346614683775)"
146,SJ-M9-2,146,POINT (-121.8949077028113 37.33399568273091),81,85,-121.89490770281125,37.33399568273091,"(-121.89490770281125, 37.33399568273091)"
147,SJ-Q9,147,POINT (-121.8831724 37.31844980000001),10,5,-121.88317239999996,37.31844980000001,"(-121.88317239999996, 37.31844980000001)"
148,SJ-J6,148,POINT (-121.9091489911079 37.33677476275722),24,40,-121.90914899110793,37.33677476275722,"(-121.90914899110793, 37.33677476275722)"
149,SJ-O4,149,POINT (-121.9099409276879 37.31674616886536),50,38,-121.90994092768791,37.316746168865365,"(-121.90994092768791, 37.316746168865365)"
150,SJ-K5,150,POINT (-121.9124731790342 37.33224397420495),146,137,-121.91247317903417,37.33224397420495,"(-121.91247317903417, 37.33224397420495)"
151,SJ-M4,151,POINT (-121.9134730640923 37.32334893824681),41,31,-121.91347306409226,37.32334893824681,"(-121.91347306409226, 37.32334893824681)"
152,SJ-M6-2,152,POINT (-121.9049583882118 37.32628932224396),18,17,-121.90495838821178,37.32628932224396,"(-121.90495838821178, 37.32628932224396)"
153,OK-M14,153,POINT (-122.2329915 37.781123),9,7,-122.2329915,37.781123,"(-122.2329915, 37.781123)"
154,OK-L9,154,POINT (-122.255547 37.79591299999998),58,45,-122.25554700000005,37.795912999999985,"(-122.25554700000005, 37.795912999999985)"
155,OK-J4,155,POINT (-122.2748440504074 37.81498823042416),39,38,-122.27484405040738,37.814988230424156,"(-122.27484405040738, 37.814988230424156)"
156,OK-I3,156,POINT (-122.2756976040001 37.817826901),54,46,-122.27569760400006,37.817826901,"(-122.27569760400006, 37.817826901)"
157,SJ-C9,157,POINT (-121.9186757475773 37.36791434917783),38,39,-121.91867574757727,37.36791434917783,"(-121.91867574757727, 37.36791434917783)"
158,OK-B1,158,POINT (-122.2655689723675 37.84959496860999),56,60,-122.26556897236753,37.84959496860999,"(-122.26556897236753, 37.84959496860999)"
159,BK-A3,159,POINT (-122.2525232905882 37.85137551568628),148,107,-122.2525232905882,37.85137551568628,"(-122.2525232905882, 37.85137551568628)"
160,OK-K5-1,160,POINT (-122.2699271 37.8087021),198,198,-122.26992709999999,37.8087021,"(-122.26992709999999, 37.8087021)"
161,SJ-L11,161,POINT (-121.8843980098807 37.34319187739641),35,26,-121.8843980098807,37.34319187739641,"(-121.8843980098807, 37.34319187739641)"
162,OK-D3-2,162,POINT (-122.267656 37.83736900000001),18,16,-122.26765600000002,37.83736900000001,"(-122.26765600000002, 37.83736900000001)"
163,SF-P30,163,POINT (-122.3919070118352 37.75773019117263),724,680,-122.3919070118352,37.75773019117263,"(-122.3919070118352, 37.75773019117263)"
164,SF-E23,164,POINT (-122.4216477112289 37.79410219870789),811,798,-122.42164771122891,37.79410219870789,"(-122.42164771122891, 37.79410219870789)"
165,SF-L26,165,POINT (-122.4070738759401 37.76925106207249),975,984,-122.40707387594011,37.76925106207249,"(-122.40707387594011, 37.76925106207249)"
166,BK-H10,166,POINT (-122.2532529006712 37.85847319865771),148,150,-122.25325290067117,37.85847319865771,"(-122.25325290067117, 37.85847319865771)"
167,OK-D4,167,POINT (-122.262654 37.83575),211,239,-122.26265400000004,37.835750000000004,"(-122.26265400000004, 37.835750000000004)"
168,OK-J6-1,168,POINT (-122.2651925067567 37.8113768027027),180,190,-122.26519250675673,37.8113768027027,"(-122.26519250675673, 37.8113768027027)"
169,SF-B25,169,POINT (-122.4132540191519 37.80274257256388),529,658,-122.41325401915192,37.80274257256388,"(-122.41325401915192, 37.80274257256388)"
170,SF-Z16,170,POINT (-122.4438057753052 37.72239470393754),7,7,-122.44380577530524,37.72239470393754,"(-122.44380577530524, 37.72239470393754)"
171,OK-H2,171,POINT (-122.2811926068965 37.82384739310345),87,87,-122.28119260689651,37.82384739310345,"(-122.28119260689651, 37.82384739310345)"
172,OK-G3,172,POINT (-122.2717970609665 37.82669558640968),75,90,-122.27179706096646,37.826695586409684,"(-122.27179706096646, 37.826695586409684)"
173,OK-E3,173,POINT (-122.2674183 37.83355769999997),32,31,-122.2674183,37.83355769999997,"(-122.2674183, 37.83355769999997)"
174,SF-I19,174,POINT (-122.4368749700925 37.7790700406053),439,354,-122.43687497009248,37.7790700406053,"(-122.43687497009248, 37.7790700406053)"
175,BK-C9,175,POINT (-122.2601553990431 37.87532070071769),236,182,-122.26015539904307,37.875320700717694,"(-122.26015539904307, 37.875320700717694)"
176,SF-L27-2,176,POINT (-122.4009151365392 37.77127035032075),234,244,-122.40091513653924,37.771270350320755,"(-122.40091513653924, 37.771270350320755)"
177,BK-F8,177,POINT (-122.2647910995984 37.86246439839358),253,245,-122.26479109959838,37.86246439839358,"(-122.26479109959838, 37.86246439839358)"
178,EM-B1,178,POINT (-122.2935283184052 37.84052116694969),121,127,-122.29352831840517,37.84052116694969,"(-122.29352831840517, 37.84052116694969)"
179,SF-I21,179,POINT (-122.4264615924242 37.77831930162185),391,390,-122.42646159242425,37.77831930162185,"(-122.42646159242425, 37.77831930162185)"
180,SF-X19,180,POINT (-122.4328882939774 37.73017189763583),30,35,-122.43288829397741,37.73017189763583,"(-122.43288829397741, 37.73017189763583)"
181,SJ-J12-1,181,POINT (-121.8876529141947 37.34946195417621),19,13,-121.88765291419466,37.349461954176206,"(-121.88765291419466, 37.349461954176206)"
182,SJ-M11-1,182,POINT (-121.8840834778443 37.33912413093812),77,90,-121.88408347784431,37.33912413093812,"(-121.88408347784431, 37.33912413093812)"
183,SF-BB17,183,POINT (-122.4401069965035 37.7161853494959),8,13,-122.44010699650347,37.7161853494959,"(-122.44010699650347, 37.7161853494959)"
184,OK-L11,184,POINT (-122.2487796125 37.792714290625),14,18,-122.2487796125,37.792714290625,"(-122.2487796125, 37.792714290625)"
185,SJ-N14,185,POINT (-121.863665672093 37.33989734341085),19,24,-121.86366567209302,37.339897343410854,"(-121.86366567209302, 37.339897343410854)"
186,OK-A2,186,POINT (-122.260172367096 37.85022187449679),84,81,-122.26017236709598,37.85022187449679,"(-122.26017236709598, 37.85022187449679)"
187,BK-D4,187,POINT (-122.2865331163289 37.86996671001059),111,132,-122.28653311632894,37.86996671001059,"(-122.28653311632894, 37.86996671001059)"
188,SF-O23,188,POINT (-122.4190177021263 37.76029139156035),474,545,-122.41901770212625,37.76029139156035,"(-122.41901770212625, 37.76029139156035)"
189,SF-C20,189,POINT (-122.4341449580533 37.79915889895359),561,617,-122.43414495805332,37.799158898953586,"(-122.43414495805332, 37.799158898953586)"
190,OK-L10,190,POINT (-122.253842 37.794396),13,13,-122.253842,37.794396,"(-122.253842, 37.794396)"
191,SF-G28-2,191,POINT (-122.3998801826825 37.7865576525184),291,298,-122.39988018268252,37.7865576525184,"(-122.39988018268252, 37.7865576525184)"
192,SF-Z28,192,POINT (-122.3945865458644 37.72561447298061),9,11,-122.39458654586437,37.72561447298061,"(-122.39458654586437, 37.72561447298061)"
193,SF-H29,193,POINT (-122.3962627389163 37.78515596707819),660,555,-122.3962627389163,37.78515596707819,"(-122.3962627389163, 37.78515596707819)"
194,EM-D4,194,POINT (-122.2782669028409 37.83127690284091),83,93,-122.27826690284093,37.831276902840905,"(-122.27826690284093, 37.831276902840905)"
195,BK-G8,195,POINT (-122.2615778464862 37.85749021199408),186,147,-122.2615778464862,37.85749021199408,"(-122.2615778464862, 37.85749021199408)"
196,SJ-L12,196,POINT (-121.8773032197783 37.3426794876211),48,46,-121.87730321977827,37.342679487621105,"(-121.87730321977827, 37.342679487621105)"
197,SF-Y14,197,POINT (-122.4524545916756 37.72598319914565),41,35,-122.4524545916756,37.72598319914565,"(-122.4524545916756, 37.72598319914565)"
198,BK-H3,198,POINT (-122.2896981199212 37.85390696288511),149,160,-122.28969811992116,37.85390696288511,"(-122.28969811992116, 37.85390696288511)"
199,SF-G30-2,199,POINT (-122.3881217409646 37.78732586410256),554,538,-122.38812174096459,37.78732586410256,"(-122.38812174096459, 37.78732586410256)"
200,OK-K3,200,POINT (-122.2801922969697 37.80982360404042),49,50,-122.28019229696969,37.80982360404042,"(-122.28019229696969, 37.80982360404042)"
201,SJ-J10,201,POINT (-121.894801265515 37.34874504388677),92,103,-121.89480126551499,37.34874504388677,"(-121.89480126551499, 37.34874504388677)"
202,SJ-G10,202,POINT (-121.9044363498688 37.35502958225289),9,2,-121.90443634986876,37.35502958225289,"(-121.90443634986876, 37.35502958225289)"
203,SF-Y30,203,POINT (-122.3865752128745 37.72939174753606),18,20,-122.38657521287455,37.72939174753606,"(-122.38657521287455, 37.72939174753606)"
204,SF-W19,204,POINT (-122.4341657990425 37.73287204897989),112,118,-122.43416579904249,37.732872048979885,"(-122.43416579904249, 37.732872048979885)"
205,OK-H3,205,POINT (-122.2757325 37.8233214),53,40,-122.27573250000002,37.823321400000005,"(-122.27573250000002, 37.823321400000005)"
206,OK-L7,206,POINT (-122.2664380068816 37.80000165491347),94,77,-122.26643800688161,37.80000165491347,"(-122.26643800688161, 37.80000165491347)"
207,SF-Y25,207,POINT (-122.4071227003469 37.72699029244811),17,15,-122.40712270034695,37.726990292448114,"(-122.40712270034695, 37.726990292448114)"
208,SF-AA15,208,POINT (-122.4472537413978 37.72282661666667),18,13,-122.44725374139782,37.72282661666667,"(-122.44725374139782, 37.72282661666667)"
209,SJ-Q11,209,POINT (-121.8742588347222 37.32358583888889),32,40,-121.87425883472224,37.32358583888889,"(-121.87425883472224, 37.32358583888889)"
210,SJ-J11,210,POINT (-121.8905356826048 37.34767635636076),19,20,-121.89053568260478,37.34767635636076,"(-121.89053568260478, 37.34767635636076)"
211,SF-U30,211,POINT (-122.3868962400897 37.74200644171534),17,22,-122.38689624008974,37.74200644171534,"(-122.38689624008974, 37.74200644171534)"
212,OK-M16,212,POINT (-122.2254 37.778058),3,6,-122.22539999999998,37.778058,"(-122.22539999999998, 37.778058)"
213,OK-M6,213,POINT (-122.2720799025125 37.80051609748744),96,103,-122.27207990251253,37.80051609748744,"(-122.27207990251253, 37.80051609748744)"
214,SF-C22,214,POINT (-122.4234146934841 37.79762543380169),494,442,-122.42341469348409,37.79762543380169,"(-122.42341469348409, 37.79762543380169)"
215,SF-E28,215,POINT (-122.4000500795609 37.79499803514589),581,550,-122.40005007956087,37.794998035145895,"(-122.40005007956087, 37.794998035145895)"
216,SF-I16,216,POINT (-122.4472742118772 37.77923740240924),130,92,-122.44727421187719,37.77923740240924,"(-122.44727421187719, 37.77923740240924)"
217,SF-O25-2,217,POINT (-122.4100401508465 37.75915744589918),418,468,-122.4100401508465,37.75915744589918,"(-122.4100401508465, 37.75915744589918)"
218,SF-J25,218,POINT (-122.411270243991 37.77658775420826),842,861,-122.41127024399101,37.77658775420826,"(-122.41127024399101, 37.77658775420826)"
219,BK-F7,219,POINT (-122.2693844120456 37.8601246009685),211,222,-122.26938441204555,37.860124600968504,"(-122.26938441204555, 37.860124600968504)"
220,SF-R26,220,POINT (-122.4054122245901 37.7518741923281),191,194,-122.40541222459008,37.7518741923281,"(-122.40541222459008, 37.7518741923281)"
221,SF-Z7,221,POINT (-122.4787829702492 37.72094721666667),53,54,-122.4787829702492,37.72094721666667,"(-122.4787829702492, 37.72094721666667)"
222,SF-L25,222,POINT (-122.4118000303723 37.7700442523447),655,724,-122.41180003037228,37.7700442523447,"(-122.41180003037228, 37.7700442523447)"
223,SF-S29,223,POINT (-122.3904834956931 37.75043430711562),144,131,-122.39048349569313,37.75043430711562,"(-122.39048349569313, 37.75043430711562)"
224,SF-F19,224,POINT (-122.4355022314538 37.78844022944131),394,386,-122.43550223145384,37.788440229441306,"(-122.43550223145384, 37.788440229441306)"
225,SF-L27,225,POINT (-122.4027308160677 37.77106619177083),317,323,-122.4027308160677,37.77106619177083,"(-122.4027308160677, 37.77106619177083)"
226,SF-H12,226,POINT (-122.4631531495114 37.77950039817385),214,208,-122.46315314951136,37.77950039817385,"(-122.46315314951136, 37.77950039817385)"
227,BK-D10,227,POINT (-122.2543373917355 37.86936029380165),403,323,-122.2543373917355,37.86936029380165,"(-122.2543373917355, 37.86936029380165)"
228,OK-F3,228,POINT (-122.2709500969697 37.83022319393939),57,42,-122.27095009696967,37.83022319393939,"(-122.27095009696967, 37.83022319393939)"
229,OK-C5,229,POINT (-122.2512714 37.83812690000001),48,41,-122.25127139999998,37.838126900000006,"(-122.25127139999998, 37.838126900000006)"
230,OK-L14,230,POINT (-122.2343822 37.7851915),6,3,-122.2343822,37.7851915,"(-122.2343822, 37.7851915)"
231,OK-F2-2,231,POINT (-122.272968 37.834174),90,104,-122.272968,37.834174000000004,"(-122.272968, 37.834174000000004)"
232,BK-A7,232,POINT (-122.2695922851562 37.88022244590679),130,104,-122.26959228515624,37.88022244590679,"(-122.26959228515624, 37.88022244590679)"
233,OK-G2,233,POINT (-122.2739367075 37.83054519500001),62,58,-122.27393670749997,37.830545195000006,"(-122.27393670749997, 37.830545195000006)"
234,SF-G20,234,POINT (-122.4317474024863 37.78536830236735),740,661,-122.43174740248631,37.78536830236735,"(-122.43174740248631, 37.78536830236735)"
235,SF-I20,235,POINT (-122.4318777357804 37.78049710225121),257,218,-122.43187773578042,37.78049710225121,"(-122.43187773578042, 37.78049710225121)"
236,SF-D29,236,POINT (-122.3946171198941 37.79639070684539),930,991,-122.39461711989414,37.796390706845386,"(-122.39461711989414, 37.796390706845386)"
237,OK-M5,237,POINT (-122.2748942930233 37.80075439069769),101,114,-122.27489429302325,37.80075439069769,"(-122.27489429302325, 37.80075439069769)"
238,SJ-M14,238,POINT (-121.870243993879 37.34599697464657),18,18,-121.87024399387899,37.34599697464657,"(-121.87024399387899, 37.34599697464657)"
239,SF-G28-1,239,POINT (-122.3986026252588 37.78651164621889),307,318,-122.3986026252588,37.78651164621889,"(-122.3986026252588, 37.78651164621889)"
240,SF-J24,240,POINT (-122.4094499583115 37.77447306390742),815,841,-122.40944995831146,37.77447306390742,"(-122.40944995831146, 37.77447306390742)"
241,SJ-J12-2,241,POINT (-121.8860098427813 37.35290743771112),31,37,-121.8860098427813,37.352907437711124,"(-121.8860098427813, 37.352907437711124)"
242,OK-H4-3,242,POINT (-122.2659713009662 37.8224676792975),73,77,-122.26597130096624,37.8224676792975,"(-122.26597130096624, 37.8224676792975)"
243,OK-B5,243,POINT (-122.2515349026087 37.84179990260871),68,47,-122.25153490260873,37.841799902608706,"(-122.25153490260873, 37.841799902608706)"
244,SF-J28-2,244,POINT (-122.3969857957146 37.77797238502048),528,520,-122.39698579571457,37.777972385020476,"(-122.39698579571457, 37.777972385020476)"
245,SF-AA28,245,POINT (-122.3923817166667 37.72261131666667),11,9,-122.39238171666666,37.72261131666667,"(-122.39238171666666, 37.72261131666667)"
246,SF-I23-1,246,POINT (-122.4184442656478 37.78139669464151),650,675,-122.4184442656478,37.78139669464151,"(-122.4184442656478, 37.78139669464151)"
247,SF-N29,247,POINT (-122.3947941071247 37.76480156939295),464,453,-122.39479410712467,37.76480156939295,"(-122.39479410712467, 37.76480156939295)"
248,SF-K22-1,248,POINT (-122.4210758032085 37.77385409434251),738,744,-122.4210758032085,37.77385409434251,"(-122.4210758032085, 37.77385409434251)"
249,SF-K25,249,POINT (-122.4117977600453 37.77361150885682),601,577,-122.41179776004527,37.773611508856824,"(-122.41179776004527, 37.773611508856824)"
250,SJ-K10,250,POINT (-121.8928579261209 37.34114313967037),72,64,-121.89285792612094,37.34114313967037,"(-121.89285792612094, 37.34114313967037)"
251,SF-M12,251,POINT (-122.4641071645917 37.76356856576041),344,318,-122.46410716459171,37.76356856576041,"(-122.46410716459171, 37.76356856576041)"
252,SJ-M5,252,POINT (-121.9123445214019 37.3260106586505),22,20,-121.91234452140188,37.326010658650496,"(-121.91234452140188, 37.326010658650496)"
253,SJ-O9,253,POINT (-121.8892349245098 37.32695453921568),15,19,-121.8892349245098,37.326954539215684,"(-121.8892349245098, 37.326954539215684)"
254,SF Depot,254,POINT (-122.3897187811712 37.75481580565248),4,4,-122.38971878117115,37.754815805652484,"(-122.38971878117115, 37.754815805652484)"
255,BK-E9-1,255,POINT (-122.2587857014955 37.86891090049851),505,498,-122.25878570149554,37.868910900498506,"(-122.25878570149554, 37.868910900498506)"
256,BK-G4,256,POINT (-122.2831267146028 37.85578331723691),79,130,-122.28312671460284,37.855783317236906,"(-122.28312671460284, 37.855783317236906)"
257,SF-I30-2,257,POINT (-122.3915927324965 37.78223511472803),591,604,-122.39159273249652,37.78223511472803,"(-122.39159273249652, 37.78223511472803)"
258,SF-D27,258,POINT (-122.4046956371119 37.79533213794225),660,725,-122.40469563711193,37.795332137942246,"(-122.40469563711193, 37.795332137942246)"
259,BK-D1,259,POINT (-122.2993708129186 37.866249),165,253,-122.29937081291862,37.866248999999996,"(-122.29937081291862, 37.866248999999996)"
260,SJ-D9,260,POINT (-121.9166894561419 37.36529129984449),20,19,-121.91668945614191,37.365291299844486,"(-121.91668945614191, 37.365291299844486)"
261,SF-E29-2,261,POINT (-122.3949520606803 37.79450218473153),1400,1437,-122.39495206068028,37.79450218473153,"(-122.39495206068028, 37.79450218473153)"
262,OK-K4,262,POINT (-122.2734217 37.81135140000001),34,36,-122.27342169999997,37.811351400000014,"(-122.27342169999997, 37.811351400000014)"
263,SJ-N6,263,POINT (-121.9031346788183 37.32119045278343),47,47,-121.90313467881835,37.321190452783426,"(-121.90313467881835, 37.321190452783426)"
264,SF-S30,264,POINT (-122.3858594353834 37.7503172088639),77,65,-122.3858594353834,37.750317208863905,"(-122.3858594353834, 37.750317208863905)"
265,OK-I5,265,POINT (-122.2678864002228 37.81607311501142),183,194,-122.26788640022278,37.81607311501142,"(-122.26788640022278, 37.81607311501142)"
266,SJ-L9,266,POINT (-121.894123619226 37.33685407178527),134,133,-121.89412361922598,37.33685407178527,"(-121.89412361922598, 37.33685407178527)"
267,SF-H13,267,POINT (-122.4586389955518 37.77857950929055),141,122,-122.45863899555178,37.77857950929055,"(-122.45863899555178, 37.77857950929055)"
268,OK-N5,268,POINT (-122.279352 37.79624799999999),100,138,-122.27935199999999,37.79624799999999,"(-122.27935199999999, 37.79624799999999)"
269,SF-G18,269,POINT (-122.4393577070548 37.78438871408675),371,359,-122.4393577070548,37.78438871408675,"(-122.4393577070548, 37.78438871408675)"
270,SF-C26-1,270,POINT (-122.4059512260032 37.79792586276459),678,718,-122.40595122600321,37.79792586276459,"(-122.40595122600321, 37.79792586276459)"
271,OK-N17,271,POINT (-122.2244981965517 37.77523209827585),24,34,-122.2244981965517,37.77523209827585,"(-122.2244981965517, 37.77523209827585)"
272,SF-N20-2,272,POINT (-122.4306694463789 37.76328845314148),353,342,-122.4306694463789,37.763288453141485,"(-122.4306694463789, 37.763288453141485)"
273,SF-B22,273,POINT (-122.4244020516374 37.80232307221648),508,459,-122.42440205163736,37.80232307221648,"(-122.42440205163736, 37.80232307221648)"
274,SF-I23-2,274,POINT (-122.4181637612839 37.77882907044831),543,550,-122.41816376128395,37.77882907044831,"(-122.41816376128395, 37.77882907044831)"
275,OK-L19,275,POINT (-122.2123982012272 37.77415256430236),5,4,-122.21239820122716,37.77415256430236,"(-122.21239820122716, 37.77415256430236)"
276,OK-G5,276,POINT (-122.2604365562459 37.82489254045501),86,93,-122.26043655624588,37.82489254045501,"(-122.26043655624588, 37.82489254045501)"
277,SF-G29-3,277,POINT (-122.3957634117323 37.78802304820731),514,425,-122.39576341173232,37.78802304820731,"(-122.39576341173232, 37.78802304820731)"
278,SF-L30-1,278,POINT (-122.3912547694535 37.77033986719259),1331,1426,-122.39125476945352,37.77033986719259,"(-122.39125476945352, 37.77033986719259)"
279,EM-C2,279,POINT (-122.2871801 37.8361823),28,39,-122.2871801,37.8361823,"(-122.2871801, 37.8361823)"
280,SF-C21,280,POINT (-122.4275348266177 37.79723295619902),308,305,-122.42753482661773,37.79723295619902,"(-122.42753482661773, 37.79723295619902)"
281,SF I29-1,281,POINT (-122.3934136645804 37.78327081680731),372,339,-122.39341366458041,37.78327081680731,"(-122.39341366458041, 37.78327081680731)"
282,SF-E29-3,282,POINT (-122.3972679215283 37.79216637927608),682,727,-122.39726792152827,37.79216637927608,"(-122.39726792152827, 37.79216637927608)"
283,SJ-P8,283,POINT (-121.8879985574074 37.32307444074074),30,24,-121.88799855740743,37.32307444074074,"(-121.88799855740743, 37.32307444074074)"
284,SF-H25,284,POINT (-122.4119103141667 37.78407099294872),250,270,-122.41191031416668,37.78407099294872,"(-122.41191031416668, 37.78407099294872)"
285,OK-K7,285,POINT (-122.2624093271581 37.80403678550289),158,134,-122.26240932715807,37.80403678550289,"(-122.26240932715807, 37.80403678550289)"
286,SF-M20,286,POINT (-122.431066720425 37.76627994522261),1148,1158,-122.43106672042498,37.76627994522261,"(-122.43106672042498, 37.76627994522261)"
287,SJ-N11,287,POINT (-121.8773921915942 37.33395673507247),273,302,-121.87739219159423,37.33395673507247,"(-121.87739219159423, 37.33395673507247)"
288,SF-Q21-2,288,POINT (-122.4265505594099 37.75181498514088),369,258,-122.42655055940989,37.751814985140875,"(-122.42655055940989, 37.751814985140875)"
289,SF-G10-2,289,POINT (-122.4727019321674 37.78040373285322),131,112,-122.47270193216737,37.78040373285322,"(-122.47270193216737, 37.78040373285322)"
290,SF-G8,290,POINT (-122.4803978902412 37.77991056419957),162,142,-122.48039789024124,37.77991056419957,"(-122.48039789024124, 37.77991056419957)"
291,SF-N22-1A,291,POINT (-122.4199278963163 37.76474010022461),185,186,-122.41992789631627,37.764740100224614,"(-122.41992789631627, 37.764740100224614)"
292,SF-I27,292,POINT (-122.4026861162416 37.78080780332303),664,630,-122.40268611624163,37.78080780332303,"(-122.40268611624163, 37.78080780332303)"
293,BK-C8,293,POINT (-122.2664467055727 37.87235550928793),181,142,-122.26644670557273,37.87235550928793,"(-122.26644670557273, 37.87235550928793)"
294,SJ-L13,294,POINT (-121.8744314506856 37.34401521392452),33,29,-121.87443145068558,37.34401521392452,"(-121.87443145068558, 37.34401521392452)"
295,SF-U21,295,POINT (-122.4254259048648 37.73983404045521),135,121,-122.42542590486482,37.73983404045521,"(-122.42542590486482, 37.73983404045521)"
296,SF-W8,296,POINT (-122.4762152030303 37.73109009004329),36,41,-122.47621520303028,37.73109009004329,"(-122.47621520303028, 37.73109009004329)"
297,SJ-I10,297,POINT (-121.8958541987087 37.35089910279321),14,15,-121.8958541987087,37.35089910279321,"(-121.8958541987087, 37.35089910279321)"
298,SF-I22,298,POINT (-122.4218328696517 37.78078758776948),210,192,-122.42183286965174,37.78078758776948,"(-122.42183286965174, 37.78078758776948)"
299,SF-J12,299,POINT (-122.4649548879252 37.77512175415894),536,542,-122.46495488792517,37.77512175415894,"(-122.46495488792517, 37.77512175415894)"
300,SJ-N14-2,300,POINT (-121.8665815923883 37.33858402767569),33,30,-121.86658159238827,37.33858402767569,"(-121.86658159238827, 37.33858402767569)"
301,SJ-Q8,301,POINT (-121.8849748968254 37.31728193174603),8,13,-121.88497489682537,37.31728193174603,"(-121.88497489682537, 37.31728193174603)"
302,SF-Q30,302,POINT (-122.3887231111852 37.75541692789531),640,654,-122.38872311118523,37.75541692789531,"(-122.38872311118523, 37.75541692789531)"
303,SF-G25,303,POINT (-122.413322147222 37.78729567347619),615,603,-122.413322147222,37.78729567347619,"(-122.413322147222, 37.78729567347619)"
304,SF-G26,304,POINT (-122.4088573747928 37.78582450717118),437,488,-122.40885737479279,37.78582450717118,"(-122.40885737479279, 37.78582450717118)"
305,OK-K2,305,POINT (-122.2851711969697 37.81233150757576),58,74,-122.2851711969697,37.812331507575756,"(-122.2851711969697, 37.812331507575756)"
306,SJ-Q10,306,POINT (-121.8762995921398 37.32090028919374),27,31,-121.87629959213982,37.32090028919374,"(-121.87629959213982, 37.32090028919374)"
307,BK-H9,307,POINT (-122.2597949011236 37.85595580224719),153,114,-122.25979490112361,37.85595580224719,"(-122.25979490112361, 37.85595580224719)"
308,SF-G7,308,POINT (-122.4826770599583 37.78198005591666),207,193,-122.48267705995833,37.78198005591666,"(-122.48267705995833, 37.78198005591666)"
309,SF-F28-1,309,POINT (-122.3991066238581 37.79126638688145),610,616,-122.39910662385809,37.79126638688145,"(-122.39910662385809, 37.79126638688145)"
310,SF-J5,310,POINT (-122.4940743455128 37.7756857075641),129,131,-122.49407434551283,37.7756857075641,"(-122.49407434551283, 37.7756857075641)"
311,SF-J17,311,POINT (-122.4419364691473 37.77738538689922),597,478,-122.4419364691473,37.77738538689922,"(-122.4419364691473, 37.77738538689922)"
312,SF-K19,312,POINT (-122.4358216917856 37.77236690639407),995,827,-122.43582169178559,37.77236690639407,"(-122.43582169178559, 37.77236690639407)"
313,SF-G9,313,POINT (-122.4761577906704 37.78077167870383),133,135,-122.47615779067043,37.78077167870383,"(-122.47615779067043, 37.78077167870383)"
314,SF-F27,314,POINT (-122.4034848951375 37.78889453325966),983,1053,-122.40348489513752,37.788894533259665,"(-122.40348489513752, 37.788894533259665)"
315,SF-C25,315,POINT (-122.4108677628039 37.80042308662622),766,818,-122.41086776280392,37.800423086626225,"(-122.41086776280392, 37.800423086626225)"
316,SF-S24,316,POINT (-122.4113927438366 37.74734869526435),573,606,-122.41139274383657,37.74734869526435,"(-122.41139274383657, 37.74734869526435)"
317,SF-J19,317,POINT (-122.4332492680509 37.77766804187172),705,606,-122.43324926805091,37.77766804187172,"(-122.43324926805091, 37.77766804187172)"
318,SF-R24,318,POINT (-122.4120827480106 37.75097855274075),755,820,-122.41208274801056,37.75097855274075,"(-122.41208274801056, 37.75097855274075)"
319,SF-P26,319,POINT (-122.4059908712062 37.75682351576532),520,497,-122.40599087120616,37.75682351576532,"(-122.40599087120616, 37.75682351576532)"
320,SF-G5,320,POINT (-122.4928629749084 37.78173696231685),177,187,-122.49286297490843,37.78173696231685,"(-122.49286297490843, 37.78173696231685)"
321,SJ-I14,321,POINT (-121.878799275687 37.36003251615083),8,11,-121.87879927568697,37.36003251615083,"(-121.87879927568697, 37.36003251615083)"
322,SF-M11,322,POINT (-122.4673390548761 37.7642470896608),496,526,-122.46733905487606,37.7642470896608,"(-122.46733905487606, 37.7642470896608)"
323,SF-O22,323,POINT (-122.4213919217677 37.75920948521645),1123,1187,-122.42139192176768,37.759209485216445,"(-122.42139192176768, 37.759209485216445)"
324,SF-M26-2,324,POINT (-122.4041725403118 37.76858144090773),532,588,-122.40417254031183,37.76858144090773,"(-122.40417254031183, 37.76858144090773)"
325,SF-J20,325,POINT (-122.4295625498163 37.77713495518825),377,349,-122.42956254981634,37.77713495518825,"(-122.42956254981634, 37.77713495518825)"
326,SF-T20,326,POINT (-122.4268284384812 37.74373540045507),306,280,-122.42682843848124,37.743735400455066,"(-122.42682843848124, 37.743735400455066)"
327,SF-H28,327,POINT (-122.3988010632265 37.78390542050769),706,791,-122.39880106322646,37.783905420507686,"(-122.39880106322646, 37.783905420507686)"
328,BK-G7,328,POINT (-122.2675582960954 37.85756719739696),226,235,-122.26755829609544,37.85756719739696,"(-122.26755829609544, 37.85756719739696)"
329,OK-C3,329,POINT (-122.2618225115607 37.84018580462428),96,77,-122.26182251156074,37.84018580462428,"(-122.26182251156074, 37.84018580462428)"
330,OK-L5,330,POINT (-122.2717380508758 37.80456234481569),178,208,-122.2717380508758,37.80456234481569,"(-122.2717380508758, 37.80456234481569)"
331,OK-B4,331,POINT (-122.2519004303658 37.84427875632806),232,189,-122.25190043036581,37.84427875632806,"(-122.25190043036581, 37.84427875632806)"
332,OK-B2,332,POINT (-122.2653042949152 37.84651560677966),56,62,-122.26530429491523,37.84651560677966,"(-122.26530429491523, 37.84651560677966)"
333,SJ-O10,333,POINT (-121.8846059723757 37.32755482044199),87,94,-121.88460597237571,37.32755482044199,"(-121.88460597237571, 37.32755482044199)"
334,OK-K6,334,POINT (-122.2665882071869 37.80696976534207),54,55,-122.26658820718689,37.80696976534207,"(-122.26658820718689, 37.80696976534207)"
335,SJ-M10-2,335,POINT (-121.8856448819163 37.33589113112911),349,392,-121.88564488191632,37.33589113112911,"(-121.88564488191632, 37.33589113112911)"
336,SF-A27,336,POINT (-122.4032856585966 37.80475672528963),621,645,-122.40328565859664,37.80475672528963,"(-122.40328565859664, 37.80475672528963)"
337,SJ-L10,337,POINT (-121.8899288412073 37.33928579133858),64,63,-121.88992884120732,37.339285791338575,"(-121.88992884120732, 37.339285791338575)"
338,SF-P24,338,POINT (-122.4125679678012 37.75887916369591),693,732,-122.41256796780115,37.75887916369591,"(-122.41256796780115, 37.75887916369591)"
339,SF-J21,339,POINT (-122.4262014365172 37.77628266661814),827,890,-122.42620143651719,37.77628266661814,"(-122.42620143651719, 37.77628266661814)"
340,SF-L20,340,POINT (-122.4291220408948 37.76982050807169),665,609,-122.42912204089481,37.76982050807169,"(-122.42912204089481, 37.76982050807169)"
341,SF-A20,341,POINT (-122.4335722525321 37.80440065263934),591,653,-122.43357225253213,37.80440065263934,"(-122.43357225253213, 37.80440065263934)"
342,SF-H17,342,POINT (-122.4420413787037 37.78245903045267),86,76,-122.4420413787037,37.78245903045267,"(-122.4420413787037, 37.78245903045267)"
343,SF-K21,343,POINT (-122.4271968230804 37.77345258591131),700,519,-122.42719682308035,37.77345258591131,"(-122.42719682308035, 37.77345258591131)"
344,SF-G27,344,POINT (-122.4052450116741 37.78617136601888),1712,1890,-122.40524501167407,37.78617136601888,"(-122.40524501167407, 37.78617136601888)"
345,OK-M7,345,POINT (-122.265319902925 37.79731951462523),298,249,-122.26531990292503,37.79731951462523,"(-122.26531990292503, 37.79731951462523)"
346,SF-G24,346,POINT (-122.4166804966493 37.7870764217354),842,656,-122.41668049664933,37.7870764217354,"(-122.41668049664933, 37.7870764217354)"
347,SF-O30,347,POINT (-122.3907736745467 37.76165451533696),1115,1091,-122.39077367454668,37.76165451533696,"(-122.39077367454668, 37.76165451533696)"
348,OK-D5,348,POINT (-122.2516207313433 37.83578826865671),79,55,-122.25162073134328,37.83578826865671,"(-122.25162073134328, 37.83578826865671)"
349,SF-H20,349,POINT (-122.4311029464309 37.78338016836204),333,321,-122.4311029464309,37.78338016836204,"(-122.4311029464309, 37.78338016836204)"
350,SF-K23,350,POINT (-122.4198861858934 37.77221696995821),160,159,-122.4198861858934,37.77221696995821,"(-122.4198861858934, 37.77221696995821)"
351,SF-E29-1,351,POINT (-122.3942475821943 37.79534032186948),1062,1206,-122.3942475821943,37.79534032186948,"(-122.3942475821943, 37.79534032186948)"
352,SF-W19-2,352,POINT (-122.4300416598173 37.73512319292237),78,68,-122.43004165981735,37.73512319292237,"(-122.43004165981735, 37.73512319292237)"
353,SF-R20,353,POINT (-122.4275437578859 37.75093059060403),157,141,-122.42754375788591,37.75093059060403,"(-122.42754375788591, 37.75093059060403)"
354,SF-T21,354,POINT (-122.4230226996146 37.74234609527938),187,159,-122.42302269961463,37.74234609527938,"(-122.42302269961463, 37.74234609527938)"
355,SF-J29-3,355,POINT (-122.3944748013889 37.77633848055555),627,633,-122.39447480138887,37.77633848055555,"(-122.39447480138887, 37.77633848055555)"
356,SF-A25,356,POINT (-122.4115104159062 37.80691674001713),678,878,-122.41151041590618,37.80691674001713,"(-122.41151041590618, 37.80691674001713)"
357,SF-S21,357,POINT (-122.4250347964187 37.74783230739209),214,149,-122.42503479641873,37.747832307392095,"(-122.42503479641873, 37.747832307392095)"
358,SF-F30-1,358,POINT (-122.3910769006126 37.79139827610694),580,617,-122.39107690061265,37.79139827610694,"(-122.39107690061265, 37.79139827610694)"
359,SF-F30-2,359,POINT (-122.3905008166803 37.78957915840188),419,432,-122.39050081668026,37.78957915840188,"(-122.39050081668026, 37.78957915840188)"
360,SJ-P7,360,POINT (-121.8930003395859 37.31978151077977),22,12,-121.89300033958585,37.31978151077977,"(-121.89300033958585, 37.31978151077977)"
361,EM-A2,361,POINT (-122.2880450989208 37.84192380215828),130,148,-122.28804509892085,37.841923802158284,"(-122.28804509892085, 37.841923802158284)"
362,SF-G12,362,POINT (-122.4654382078189 37.78235317564832),266,288,-122.46543820781895,37.782353175648325,"(-122.46543820781895, 37.782353175648325)"
363,OK-K9,363,POINT (-122.2538101635387 37.8002135767374),233,299,-122.25381016353867,37.8002135767374,"(-122.25381016353867, 37.8002135767374)"
364,SF-G17,364,POINT (-122.4427543107068 37.78398270944093),169,147,-122.44275431070676,37.78398270944093,"(-122.44275431070676, 37.78398270944093)"
365,SJ-P10-2,365,POINT (-121.8807531994048 37.32442035119048),39,17,-121.88075319940477,37.324420351190476,"(-121.88075319940477, 37.324420351190476)"
366,SJ-H11,366,POINT (-121.8958455137178 37.35667388506261),72,55,-121.89584551371779,37.356673885062605,"(-121.89584551371779, 37.356673885062605)"
367,SF-J13,367,POINT (-122.4581157076175 37.77531144446245),326,291,-122.45811570761751,37.77531144446245,"(-122.45811570761751, 37.77531144446245)"
368,SF-G29-2,368,POINT (-122.3945512899719 37.78720091677413),1006,1010,-122.39455128997189,37.78720091677413,"(-122.39455128997189, 37.78720091677413)"
369,SF-H0,369,POINT (-122.5111503775093 37.77526516400248),228,310,-122.5111503775093,37.77526516400248,"(-122.5111503775093, 37.77526516400248)"
370,SJ-I5,370,POINT (-121.9194397213925 37.33803130251609),40,38,-121.91943972139255,37.338031302516086,"(-121.91943972139255, 37.338031302516086)"
371,BK-D7-1,371,POINT (-122.268422 37.870139),320,282,-122.26842200000002,37.870139,"(-122.26842200000002, 37.870139)"
372,SJ-F10,372,POINT (-121.9068661789565 37.36088402980246),31,26,-121.90686617895646,37.36088402980246,"(-121.90686617895646, 37.36088402980246)"
373,SF-J14,373,POINT (-122.4545353656023 37.77760465037642),72,66,-122.45453536560225,37.77760465037642,"(-122.45453536560225, 37.77760465037642)"
374,SF-J1,374,POINT (-122.5089079028177 37.77292421197053),391,514,-122.50890790281768,37.77292421197053,"(-122.50890790281768, 37.77292421197053)"
375,SF-G11,375,POINT (-122.467620716738 37.78176922711998),134,118,-122.46762071673795,37.78176922711998,"(-122.46762071673795, 37.78176922711998)"
376,SF-M10,376,POINT (-122.4707411626794 37.76403275798418),221,217,-122.47074116267942,37.764032757984175,"(-122.47074116267942, 37.764032757984175)"
377,SF-Y29,377,POINT (-122.3929762151037 37.72927402656677),12,15,-122.39297621510366,37.72927402656677,"(-122.39297621510366, 37.72927402656677)"
378,OK-L6,378,POINT (-122.2705793200698 37.80318907681101),89,80,-122.2705793200698,37.80318907681101,"(-122.2705793200698, 37.80318907681101)"
379,OK-L13,379,POINT (-122.2474587009485 37.8004594054994),137,128,-122.24745870094853,37.800459405499396,"(-122.24745870094853, 37.800459405499396)"
380,SF-V28,380,POINT (-122.3945000660256 37.73703623942308),28,24,-122.39450006602563,37.73703623942308,"(-122.39450006602563, 37.73703623942308)"
381,SJ-K9,381,POINT (-121.8956214943566 37.34272202483069),241,202,-121.89562149435663,37.34272202483069,"(-121.89562149435663, 37.34272202483069)"
382,BK-I5,382,POINT (-122.2781753971429 37.85057770214286),61,79,-122.27817539714287,37.850577702142864,"(-122.27817539714287, 37.850577702142864)"
383,BK-C5,383,POINT (-122.283093 37.87355800000001),157,154,-122.283093,37.87355800000001,"(-122.283093, 37.87355800000001)"
384,BK-F2,384,POINT (-122.2912095127388 37.85886819490447),68,89,-122.29120951273885,37.85886819490447,"(-122.29120951273885, 37.85886819490447)"
385,SJ-M11-3,385,POINT (-121.8808183638498 37.33842797183099),66,76,-121.88081836384976,37.33842797183099,"(-121.88081836384976, 37.33842797183099)"
386,OK-C2,386,POINT (-122.267738 37.84262950375939),66,67,-122.26773799999998,37.84262950375939,"(-122.26773799999998, 37.84262950375939)"
387,BK-C1,387,POINT (-122.2996759439939 37.87040711048125),63,76,-122.29967594399388,37.87040711048125,"(-122.29967594399388, 37.87040711048125)"
388,SJ-N5-2,388,POINT (-121.9082230694596 37.32098706079151),59,56,-121.90822306945961,37.32098706079151,"(-121.90822306945961, 37.32098706079151)"
389,BK-E3,389,POINT (-122.2902305300752 37.86282709398495),61,72,-122.29023053007519,37.862827093984954,"(-122.29023053007519, 37.862827093984954)"
390,EM-C3,390,POINT (-122.2810506820679 37.83563220458518),30,61,-122.28105068206789,37.83563220458518,"(-122.28105068206789, 37.83563220458518)"
391,BK-H6,391,POINT (-122.2702131983098 37.85247660338028),184,171,-122.27021319830982,37.85247660338028,"(-122.27021319830982, 37.85247660338028)"
392,SJ-M6,392,POINT (-121.9046652749408 37.32911276092809),126,111,-121.90466527494075,37.32911276092809,"(-121.90466527494075, 37.32911276092809)"
393,OK-K17,393,POINT (-122.2177284 37.77993),4,3,-122.21772839999997,37.77993,"(-122.21772839999997, 37.77993)"
394,SJ-N12-1,394,POINT (-121.8766594614286 37.33644957761905),35,35,-121.87665946142856,37.33644957761905,"(-121.87665946142856, 37.33644957761905)"
395,SJ-R11,395,POINT (-121.8700824349119 37.32030444269012),39,39,-121.87008243491186,37.320304442690116,"(-121.87008243491186, 37.320304442690116)"
396,OK-J3,396,POINT (-122.2782444 37.8160598),74,85,-122.27824439999999,37.8160598,"(-122.27824439999999, 37.8160598)"
397,SJ-N5,397,POINT (-121.9059835413727 37.32343711907651),34,40,-121.90598354137269,37.32343711907651,"(-121.90598354137269, 37.32343711907651)"
398,SF-V30,398,POINT (-122.385623951543 37.73987549167488),24,32,-122.385623951543,37.73987549167488,"(-122.385623951543, 37.73987549167488)"
399,SF-V29,399,POINT (-122.3895693928974 37.73897407055545),40,43,-122.38956939289739,37.73897407055545,"(-122.38956939289739, 37.73897407055545)"
400,OK-M2,400,POINT (-122.2893702 37.8072393),22,14,-122.2893702,37.8072393,"(-122.2893702, 37.8072393)"
401,SJ-H17,401,POINT (-121.8679381447766 37.36556730340237),27,22,-121.86793814477656,37.36556730340237,"(-121.86793814477656, 37.36556730340237)"
402,SF-J3,402,POINT (-122.4984046557715 37.77546632414605),136,147,-122.49840465577148,37.77546632414605,"(-122.49840465577148, 37.77546632414605)"
403,SJ-G15,403,POINT (-121.8813286148295 37.37112065108841),22,25,-121.88132861482947,37.37112065108841,"(-121.88132861482947, 37.37112065108841)"
404,SF-Y27,404,POINT (-122.3987942333333 37.73010186666666),4,6,-122.39879423333332,37.730101866666665,"(-122.39879423333332, 37.730101866666665)"
405,SF-O21,405,POINT (-122.4264913503374 37.76142407801912),1160,1211,-122.42649135033741,37.76142407801912,"(-122.42649135033741, 37.76142407801912)"
406,BK-E8,406,POINT (-122.2658963980392 37.8677891990196),208,200,-122.26589639803922,37.867789199019604,"(-122.26589639803922, 37.867789199019604)"
407,BK-D2,407,POINT (-122.2933995812813 37.86906046554864),82,158,-122.29339958128134,37.869060465548635,"(-122.29339958128134, 37.869060465548635)"
408,EM-C1,408,POINT (-122.2913760988235 37.84678419764706),77,93,-122.29137609882355,37.84678419764706,"(-122.29137609882355, 37.84678419764706)"
409,SF-D28,409,POINT (-122.3984496229464 37.79728062968881),580,609,-122.39844962294644,37.797280629688814,"(-122.39844962294644, 37.797280629688814)"
410,SF-M26,410,POINT (-122.4073578925805 37.76711204453883),177,187,-122.40735789258055,37.767112044538834,"(-122.40735789258055, 37.767112044538834)"
411,SF-D24,411,POINT (-122.4168284356908 37.79636813632256),366,253,-122.41682843569085,37.796368136322556,"(-122.41682843569085, 37.796368136322556)"
412,SF-H14,412,POINT (-122.4562795597701 37.78091859275862),74,71,-122.45627955977011,37.78091859275862,"(-122.45627955977011, 37.78091859275862)"
413,SJ-P6,413,POINT (-121.8978107648445 37.31512925998734),14,10,-121.8978107648445,37.31512925998734,"(-121.8978107648445, 37.31512925998734)"
414,OK-K5-2,414,POINT (-122.2679507745943 37.80936861445276),245,257,-122.2679507745943,37.80936861445276,"(-122.2679507745943, 37.80936861445276)"
415,OK-L16,415,POINT (-122.2226033 37.78375690000001),7,7,-122.22260329999997,37.78375690000001,"(-122.22260329999997, 37.78375690000001)"
416,SJ-N7,416,POINT (-121.8997008691318 37.32415375431128),9,5,-121.89970086913176,37.32415375431128,"(-121.89970086913176, 37.32415375431128)"
417,SF-K26,417,POINT (-122.4058188932374 37.77147168007612),745,861,-122.40581889323737,37.77147168007612,"(-122.40581889323737, 37.77147168007612)"
418,SJ-N10-3,418,POINT (-121.8817311986367 37.33202844339662),72,69,-121.88173119863669,37.332028443396624,"(-121.88173119863669, 37.332028443396624)"
419,SJ-L7-1,419,POINT (-121.9000698599291 37.33271493794327),42,52,-121.90006985992915,37.332714937943265,"(-121.90006985992915, 37.332714937943265)"
420,SF-G19,420,POINT (-122.4345297713559 37.78369335354044),566,550,-122.43452977135588,37.783693353540436,"(-122.43452977135588, 37.783693353540436)"
421,SF-J22-2,421,POINT (-122.4228850405232 37.7778830344741),814,869,-122.42288504052316,37.7778830344741,"(-122.42288504052316, 37.7778830344741)"
422,OK-J5,422,POINT (-122.2687726056497 37.81267829576272),169,185,-122.26877260564973,37.81267829576272,"(-122.26877260564973, 37.81267829576272)"
423,SF-K30-2,423,POINT (-122.3900325956704 37.77201041908753),559,515,-122.3900325956704,37.77201041908753,"(-122.3900325956704, 37.77201041908753)"
424,OK-G4,424,POINT (-122.2651002 37.8262863),64,59,-122.2651002,37.8262863,"(-122.2651002, 37.8262863)"
425,SJ-M10-3,425,POINT (-121.8869649946236 37.33380864650537),64,60,-121.88696499462364,37.33380864650537,"(-121.88696499462364, 37.33380864650537)"
426,SF-N21,426,POINT (-122.4265563238212 37.76306050986644),630,593,-122.4265563238212,37.76306050986644,"(-122.4265563238212, 37.76306050986644)"
427,SF-L19,427,POINT (-122.4340589464933 37.7692296774372),411,372,-122.43405894649334,37.7692296774372,"(-122.43405894649334, 37.7692296774372)"
428,SF-S22-1,428,POINT (-122.4202148880111 37.74771456273388),462,500,-122.42021488801112,37.74771456273388,"(-122.42021488801112, 37.74771456273388)"
429,SF-H16,429,POINT (-122.4473213106106 37.78113744118554),253,208,-122.44732131061056,37.781137441185535,"(-122.44732131061056, 37.781137441185535)"
430,SF-G29-1,430,POINT (-122.3983577434003 37.78748134527392),669,654,-122.3983577434003,37.78748134527392,"(-122.3983577434003, 37.78748134527392)"
431,SJ-M8-1,431,POINT (-121.8932041404762 37.33142589761906),30,40,-121.8932041404762,37.33142589761906,"(-121.8932041404762, 37.33142589761906)"
432,OK-I9,432,POINT (-122.2492511930769 37.80871500000001),374,406,-122.24925119307692,37.80871500000001,"(-122.24925119307692, 37.80871500000001)"
433,SF-L28,433,POINT (-122.3983666663435 37.7718338293221),683,682,-122.39836666634346,37.7718338293221,"(-122.39836666634346, 37.7718338293221)"
434,SF-E22,434,POINT (-122.4233805814697 37.79300308583495),325,171,-122.4233805814697,37.79300308583495,"(-122.4233805814697, 37.79300308583495)"
435,SF-H15,435,POINT (-122.45015905918 37.78072850080214),97,90,-122.45015905918004,37.78072850080214,"(-122.45015905918004, 37.78072850080214)"
436,SF-F16,436,POINT (-122.4499707789216 37.78661995925926),153,153,-122.44997077892157,37.786619959259255,"(-122.44997077892157, 37.786619959259255)"
437,BK-E10,437,POINT (-122.2537994307388 37.86641794155314),110,60,-122.25379943073875,37.86641794155314,"(-122.25379943073875, 37.86641794155314)"
438,OK-E4,438,POINT (-122.2634900986425 37.83327860542985),107,114,-122.2634900986425,37.833278605429854,"(-122.2634900986425, 37.833278605429854)"
439,OK-L12,439,POINT (-122.2423732123439 37.79013986207062),15,14,-122.24237321234395,37.790139862070625,"(-122.24237321234395, 37.790139862070625)"
440,SJ-I9,440,POINT (-121.8997726547351 37.34755701879913),8,5,-121.89977265473509,37.34755701879913,"(-121.89977265473509, 37.34755701879913)"
441,SF-K18,441,POINT (-122.4390747099726 37.77312728911743),762,575,-122.43907470997256,37.77312728911743,"(-122.43907470997256, 37.77312728911743)"
442,SF-B28,442,POINT (-122.4020912928597 37.80463619172853),474,469,-122.40209129285965,37.80463619172853,"(-122.40209129285965, 37.80463619172853)"
443,SF-M28,443,POINT (-122.398229651817 37.76661654730577),648,682,-122.39822965181705,37.766616547305766,"(-122.39822965181705, 37.766616547305766)"
444,SF-J10,444,POINT (-122.4713621316239 37.7735278958452),358,344,-122.47136213162393,37.7735278958452,"(-122.47136213162393, 37.7735278958452)"
445,SF-O19,445,POINT (-122.4324840726685 37.76109410161108),739,730,-122.43248407266849,37.76109410161108,"(-122.43248407266849, 37.76109410161108)"
446,SJ-I11,446,POINT (-121.8920338682528 37.35283585943253),82,83,-121.89203386825282,37.35283585943253,"(-121.89203386825282, 37.35283585943253)"
447,SF-X30,447,POINT (-122.3900413101639 37.73178010514955),13,12,-122.39004131016391,37.73178010514955,"(-122.39004131016391, 37.73178010514955)"
448,SF-L31-1,448,POINT (-122.3867172663947 37.77175845101559),449,470,-122.38671726639465,37.77175845101559,"(-122.38671726639465, 37.77175845101559)"
449,EM-B0-2,449,POINT (-122.2987177439923 37.83954307620736),34,30,-122.29871774399227,37.83954307620736,"(-122.29871774399227, 37.83954307620736)"
450,SJ-P9,450,POINT (-121.8810904026032 37.32212462544858),9,12,-121.88109040260318,37.32212462544858,"(-121.88109040260318, 37.32212462544858)"
451,SJ-K11,451,POINT (-121.8888887390071 37.34299246643027),73,68,-121.88888873900711,37.34299246643027,"(-121.88888873900711, 37.34299246643027)"
452,OK-M4,452,POINT (-122.282497 37.80368649999998),23,23,-122.28249700000003,37.80368649999998,"(-122.28249700000003, 37.80368649999998)"
453,SF-V32,453,POINT (-122.3766881248233 37.74029757879321),51,49,-122.37668812482329,37.74029757879321,"(-122.37668812482329, 37.74029757879321)"
454,SF-I26-,454,POINT (-122.4067102901823 37.78024076046874),319,321,-122.4067102901823,37.78024076046874,"(-122.4067102901823, 37.78024076046874)"
455,SF-K28-3,455,POINT (-122.4000238054364 37.7732321416309),126,107,-122.40002380543636,37.7732321416309,"(-122.40002380543636, 37.7732321416309)"
456,OK-D2,456,POINT (-122.2717561 37.8396488),84,86,-122.27175609999998,37.8396488,"(-122.27175609999998, 37.8396488)"
457,OK-E5,457,POINT (-122.2562241531735 37.83329352915628),73,65,-122.25622415317348,37.83329352915628,"(-122.25622415317348, 37.83329352915628)"
458,SF-A19,458,POINT (-122.4373019439293 37.80534821248956),551,646,-122.43730194392926,37.80534821248956,"(-122.43730194392926, 37.80534821248956)"
459,SF-J26-2,459,POINT (-122.4080040710365 37.77658129429388),713,709,-122.40800407103654,37.77658129429388,"(-122.40800407103654, 37.77658129429388)"
460,SF-L22,460,POINT (-122.4222485601371 37.76900193730204),883,906,-122.42224856013708,37.769001937302036,"(-122.42224856013708, 37.769001937302036)"
461,SF-M22-1,461,POINT (-122.4203662890845 37.76824676007434),440,412,-122.42036628908451,37.76824676007434,"(-122.42036628908451, 37.76824676007434)"
462,SF-J15,462,POINT (-122.4531565216654 37.77616657708602),209,163,-122.45315652166543,37.77616657708602,"(-122.45315652166543, 37.77616657708602)"
463,San Jose Depot,463,POINT (-121.9149155 37.34341836666668),0,5,-121.9149155,37.343418366666675,"(-121.9149155, 37.343418366666675)"
